id,sourceIdentifier,published,lastModified,vulnStatus,descriptions,weaknesses,configurations,references,cveTags,metrics
CVE-2016-4320,cret@cert.org,2017-04-10T03:59:01.247,2026-05-13T00:24:29.033,Modified,"[{""lang"": ""en"", ""value"": ""Atlassian Bitbucket Server before 4.7.1 allows remote attackers to read the first line of an arbitrary file via a directory traversal attack on the pull requests resource.""}, {""lang"": ""es"", ""value"": ""Atlassian Bitbucket Server en versiones anteriores a 4.7.1 permite a atacantes remotos leer la primera línea de un archivo arbitrario a través de un ataque de salto de directorio en el recurso de solicitudes de extracción.""}]","[{""source"": ""nvd@nist.gov"", ""type"": ""Primary"", ""description"": [{""lang"": ""en"", ""value"": ""CWE-22""}]}]","[{""nodes"": [{""operator"": ""OR"", ""negate"": false, ""cpeMatch"": [{""vulnerable"": true, ""criteria"": ""cpe:2.3:a:atlassian:bitbucket:*:*:*:*:*:*:*:*"", ""versionEndExcluding"": ""4.7.1"", ""matchCriteriaId"": ""82677FFC-00C8-46B2-B163-BD15D46F3B90""}]}]}]","[{""url"": ""http://www.securityfocus.com/bid/97515"", ""source"": ""cret@cert.org"", ""tags"": [""Third Party Advisory"", ""VDB Entry""]}, {""url"": ""https://confluence.atlassian.com/bitbucketserver/bitbucket-server-4-7-release-notes-829052416.html"", ""source"": ""cret@cert.org"", ""tags"": [""Vendor Advisory""]}, {""url"": ""https://jira.atlassian.com/browse/BSERV-8819"", ""source"": ""cret@cert.org"", ""tags"": [""Issue Tracking"", ""Vendor Advisory""]}, {""url"": ""http://www.securityfocus.com/bid/97515"", ""source"": ""af854a3a-2127-422b-91ae-364da2661108"", ""tags"": [""Third Party Advisory"", ""VDB Entry""]}, {""url"": ""https://confluence.atlassian.com/bitbucketserver/bitbucket-server-4-7-release-notes-829052416.html"", ""source"": ""af854a3a-2127-422b-91ae-364da2661108"", ""tags"": [""Vendor Advisory""]}, {""url"": ""https://jira.atlassian.com/browse/BSERV-8819"", ""source"": ""af854a3a-2127-422b-91ae-364da2661108"", ""tags"": [""Issue Tracking"", ""Vendor Advisory""]}]",[],"{""cvssMetricV30"": [{""source"": ""nvd@nist.gov"", ""type"": ""Primary"", ""cvssData"": {""version"": ""3.0"", ""vectorString"": ""CVSS:3.0/AV:N/AC:L/PR:L/UI:N/S:U/C:L/I:N/A:N"", ""baseScore"": 4.3, ""baseSeverity"": ""MEDIUM"", ""attackVector"": ""NETWORK"", ""attackComplexity"": ""LOW"", ""privilegesRequired"": ""LOW"", ""userInteraction"": ""NONE"", ""scope"": ""UNCHANGED"", ""confidentialityImpact"": ""LOW"", ""integrityImpact"": ""NONE"", ""availabilityImpact"": ""NONE""}, ""exploitabilityScore"": 2.8, ""impactScore"": 1.4}], ""cvssMetricV2"": [{""source"": ""nvd@nist.gov"", ""type"": ""Primary"", ""cvssData"": {""version"": ""2.0"", ""vectorString"": ""AV:N/AC:L/Au:S/C:P/I:N/A:N"", ""baseScore"": 4.0, ""accessVector"": ""NETWORK"", ""accessComplexity"": ""LOW"", ""authentication"": ""SINGLE"", ""confidentialityImpact"": ""PARTIAL"", ""integrityImpact"": ""NONE"", ""availabilityImpact"": ""NONE""}, ""baseSeverity"": ""MEDIUM"", ""exploitabilityScore"": 8.0, ""impactScore"": 2.9, ""acInsufInfo"": false, ""obtainAllPrivilege"": false, ""obtainUserPrivilege"": false, ""obtainOtherPrivilege"": false, ""userInteractionRequired"": false}]}"
CVE-2017-16857,security@atlassian.com,2017-12-05T16:29:00.453,2026-05-13T00:24:29.033,Modified,"[{""lang"": ""en"", ""value"": ""It is possible to bypass the bitbucket auto-unapprove plugin via minimal brute-force because it is relying on asynchronous events on the back-end. This allows an attacker to merge any code into unsuspecting repositories. This affects all versions of the auto-unapprove plugin, however since the auto-unapprove plugin is not bundled with Bitbucket Server it does not affect any particular version of Bitbucket.""}, {""lang"": ""es"", ""value"": ""Es posible omitir el plugin bitbucket auto-unapprove mediante fuerza bruta mínima, ya que depende de eventos asíncronos en el back end. Esto permite que un atacante combine cualquier código en repositorios no planeados. Esto afecta a todas las versiones del plugin auto-unapprove; sin embargo, debido a que el plugin auto-unapprove no está agrupado con Bitbucket Server, no afecta a ninguna versión en particular de Bitbucket.""}]","[{""source"": ""nvd@nist.gov"", ""type"": ""Primary"", ""description"": [{""lang"": ""en"", ""value"": ""CWE-362""}]}]","[{""nodes"": [{""operator"": ""OR"", ""negate"": false, ""cpeMatch"": [{""vulnerable"": true, ""criteria"": ""cpe:2.3:a:atlassian:bitbucket_auto_unapprove_plugin:1.0.0:*:*:*:*:*:*:*"", ""matchCriteriaId"": ""97911FE2-5F86-4BE3-AB28-9816EB9CAEDA""}, {""vulnerable"": true, ""criteria"": ""cpe:2.3:a:atlassian:bitbucket_auto_unapprove_plugin:1.0.0:beta1:*:*:*:*:*:*"", ""matchCriteriaId"": ""53F394B8-F666-4D37-9AC9-7F5397A405E1""}, {""vulnerable"": true, ""criteria"": ""cpe:2.3:a:atlassian:bitbucket_auto_unapprove_plugin:1.1.0:*:*:*:*:*:*:*"", ""matchCriteriaId"": ""6786304B-5EC4-4EA8-88AB-7DC3518DACB2""}, {""vulnerable"": true, ""criteria"": ""cpe:2.3:a:atlassian:bitbucket_auto_unapprove_plugin:1.2.0:*:*:*:*:*:*:*"", ""matchCriteriaId"": ""FA4C63A4-4315-4083-902D-4C5AA056AE9B""}, {""vulnerable"": true, ""criteria"": ""cpe:2.3:a:atlassian:bitbucket_auto_unapprove_plugin:2.0.1:*:*:*:*:*:*:*"", ""matchCriteriaId"": ""8830EDAD-E6B0-4A27-A455-97E14374AF4F""}, {""vulnerable"": true, ""criteria"": ""cpe:2.3:a:atlassian:bitbucket_auto_unapprove_plugin:2.0.2:*:*:*:*:*:*:*"", ""matchCriteriaId"": ""B84B6B9F-E2F9-44E9-AA13-B59F975991A0""}, {""vulnerable"": true, ""criteria"": ""cpe:2.3:a:atlassian:bitbucket_auto_unapprove_plugin:2.0.4:*:*:*:*:*:*:*"", ""matchCriteriaId"": ""607F4C07-6457-4D97-A9AB-1D0EF98B035C""}, {""vulnerable"": true, ""criteria"": ""cpe:2.3:a:atlassian:bitbucket_auto_unapprove_plugin:2.1.1:*:*:*:*:*:*:*"", ""matchCriteriaId"": ""16A0B68D-5682-40A8-9755-D85902BCDD63""}, {""vulnerable"": true, ""criteria"": ""cpe:2.3:a:atlassian:bitbucket_auto_unapprove_plugin:2.1.3:*:*:*:*:*:*:*"", ""matchCriteriaId"": ""1035851A-D3DF-4A66-B807-1BF85BDF4260""}, {""vulnerable"": true, ""criteria"": ""cpe:2.3:a:atlassian:bitbucket_auto_unapprove_plugin:2.2.0:*:*:*:*:*:*:*"", ""matchCriteriaId"": ""C7E4D548-247D-41D7-AEEC-606C3A1E0AA7""}, {""vulnerable"": true, ""criteria"": ""cpe:2.3:a:atlassian:bitbucket_auto_unapprove_plugin:3.0.0:*:*:*:*:*:*:*"", ""matchCriteriaId"": ""35951C11-94DF-4620-9007-D5F3665502EE""}]}]}]","[{""url"": ""https://jira.atlassian.com/browse/BSERV-10439"", ""source"": ""security@atlassian.com"", ""tags"": [""Issue Tracking"", ""Vendor Advisory""]}, {""url"": ""https://jira.atlassian.com/browse/BSERV-10439"", ""source"": ""af854a3a-2127-422b-91ae-364da2661108"", ""tags"": [""Issue Tracking"", ""Vendor Advisory""]}]",[],"{""cvssMetricV30"": [{""source"": ""nvd@nist.gov"", ""type"": ""Primary"", ""cvssData"": {""version"": ""3.0"", ""vectorString"": ""CVSS:3.0/AV:N/AC:H/PR:L/UI:N/S:C/C:H/I:H/A:H"", ""baseScore"": 8.5, ""baseSeverity"": ""HIGH"", ""attackVector"": ""NETWORK"", ""attackComplexity"": ""HIGH"", ""privilegesRequired"": ""LOW"", ""userInteraction"": ""NONE"", ""scope"": ""CHANGED"", ""confidentialityImpact"": ""HIGH"", ""integrityImpact"": ""HIGH"", ""availabilityImpact"": ""HIGH""}, ""exploitabilityScore"": 1.8, ""impactScore"": 6.0}], ""cvssMetricV2"": [{""source"": ""nvd@nist.gov"", ""type"": ""Primary"", ""cvssData"": {""version"": ""2.0"", ""vectorString"": ""AV:N/AC:M/Au:S/C:P/I:P/A:P"", ""baseScore"": 6.0, ""accessVector"": ""NETWORK"", ""accessComplexity"": ""MEDIUM"", ""authentication"": ""SINGLE"", ""confidentialityImpact"": ""PARTIAL"", ""integrityImpact"": ""PARTIAL"", ""availabilityImpact"": ""PARTIAL""}, ""baseSeverity"": ""MEDIUM"", ""exploitabilityScore"": 6.8, ""impactScore"": 6.4, ""acInsufInfo"": false, ""obtainAllPrivilege"": false, ""obtainUserPrivilege"": false, ""obtainOtherPrivilege"": false, ""userInteractionRequired"": false}]}"
CVE-2017-18036,security@atlassian.com,2018-02-02T14:29:00.670,2024-11-21T03:19:13.253,Modified,"[{""lang"": ""en"", ""value"": ""The Github repository importer in Atlassian Bitbucket Server before version 5.3.0 allows remote attackers to determine if a service they could not otherwise reach has open ports via a Server Side Request Forgery (SSRF) vulnerability.""}, {""lang"": ""es"", ""value"": ""El importador de repositorios Github en Atlassian Bitbucket Server, en versiones anteriores a la 5.3.0, permite que atacantes remotos determinen si un servicio al que no hubiesen podido acceder de otra forma tiene puertos abiertos mediante una vulnerabilidad de SSRF (Server-Side Request Forgery).""}]","[{""source"": ""security@atlassian.com"", ""type"": ""Secondary"", ""description"": [{""lang"": ""en"", ""value"": ""CWE-918""}]}, {""source"": ""nvd@nist.gov"", ""type"": ""Primary"", ""description"": [{""lang"": ""en"", ""value"": ""CWE-918""}]}]","[{""nodes"": [{""operator"": ""OR"", ""negate"": false, ""cpeMatch"": [{""vulnerable"": true, ""criteria"": ""cpe:2.3:a:atlassian:bitbucket:*:*:*:*:*:*:*:*"", ""versionEndExcluding"": ""5.3.0"", ""matchCriteriaId"": ""2BBA4F7C-4E62-4546-B1FF-ACC467157122""}]}]}]","[{""url"": ""http://www.securityfocus.com/bid/102932"", ""source"": ""security@atlassian.com"", ""tags"": [""Third Party Advisory"", ""VDB Entry""]}, {""url"": ""https://jira.atlassian.com/browse/BSERV-10591"", ""source"": ""security@atlassian.com"", ""tags"": [""Vendor Advisory""]}, {""url"": ""http://www.securityfocus.com/bid/102932"", ""source"": ""af854a3a-2127-422b-91ae-364da2661108"", ""tags"": [""Third Party Advisory"", ""VDB Entry""]}, {""url"": ""https://jira.atlassian.com/browse/BSERV-10591"", ""source"": ""af854a3a-2127-422b-91ae-364da2661108"", ""tags"": [""Vendor Advisory""]}]",[],"{""cvssMetricV30"": [{""source"": ""nvd@nist.gov"", ""type"": ""Primary"", ""cvssData"": {""version"": ""3.0"", ""vectorString"": ""CVSS:3.0/AV:N/AC:L/PR:L/UI:N/S:U/C:L/I:N/A:N"", ""baseScore"": 4.3, ""baseSeverity"": ""MEDIUM"", ""attackVector"": ""NETWORK"", ""attackComplexity"": ""LOW"", ""privilegesRequired"": ""LOW"", ""userInteraction"": ""NONE"", ""scope"": ""UNCHANGED"", ""confidentialityImpact"": ""LOW"", ""integrityImpact"": ""NONE"", ""availabilityImpact"": ""NONE""}, ""exploitabilityScore"": 2.8, ""impactScore"": 1.4}], ""cvssMetricV2"": [{""source"": ""nvd@nist.gov"", ""type"": ""Primary"", ""cvssData"": {""version"": ""2.0"", ""vectorString"": ""AV:N/AC:L/Au:S/C:P/I:N/A:N"", ""baseScore"": 4.0, ""accessVector"": ""NETWORK"", ""accessComplexity"": ""LOW"", ""authentication"": ""SINGLE"", ""confidentialityImpact"": ""PARTIAL"", ""integrityImpact"": ""NONE"", ""availabilityImpact"": ""NONE""}, ""baseSeverity"": ""MEDIUM"", ""exploitabilityScore"": 8.0, ""impactScore"": 2.9, ""acInsufInfo"": false, ""obtainAllPrivilege"": false, ""obtainUserPrivilege"": false, ""obtainOtherPrivilege"": false, ""userInteractionRequired"": false}]}"
CVE-2017-18037,security@atlassian.com,2018-02-02T14:29:00.733,2024-11-21T03:19:13.383,Modified,"[{""lang"": ""en"", ""value"": ""The git repository tag rest resource in Atlassian Bitbucket Server from version 3.7.0 before 4.14.11 (the fixed version for 4.14.x), from version 5.0.0 before 5.0.9 (the fixed version for 5.0.x), from version 5.1.0 before 5.1.8 (the fixed version for 5.1.x), from version 5.2.0 before 5.2.6 (the fixed version for 5.2.x), from version 5.3.0 before 5.3.4 (the fixed version for 5.3.x), from version 5.4.0 before 5.4.2 (the fixed version for 5.4.x), from version 5.5.0 before 5.5.1 (the fixed version for 5.5.x) and before 5.6.0 allows remote attackers to read arbitrary files via a path traversal vulnerability through the name of a git tag.""}, {""lang"": ""es"", ""value"": ""El recurso rest de etiquetas de git repository en Atlassian Bitbucket Server, desde la versión 3.7.0 hasta la 4.14.11 (la versión solucionada para 4.14.x); desde la versión 5.0.0 hasta la 5.0.9 (la versión solucionada para 5.0.x); desde la versión 5.1.0 hasta la 5.1.8 (la versión solucionada para 5.1.x); desde la versión 5.2.0 hasta la 5.2.6 (la versión solucionada para 5.2.x); desde la versión 5.3.0 hasta la 5.3.4 (la versión solucionada para 5.3.x); desde la versión 5.4.0 hasta la 5.4.2 (la versión solucionada para 5.4.x); desde la versión 5.5.0 hasta la 5.5.1 (la versión solucionada para 5.5.x) y en versiones anteriores a la 5.6.0 permite que atacantes remotos lean archivos arbitrarios mediante una vulnerabilidad de salto de directorio a través del nombre de una etiqueta git.""}]","[{""source"": ""nvd@nist.gov"", ""type"": ""Primary"", ""description"": [{""lang"": ""en"", ""value"": ""CWE-22""}]}]","[{""nodes"": [{""operator"": ""OR"", ""negate"": false, ""cpeMatch"": [{""vulnerable"": true, ""criteria"": ""cpe:2.3:a:atlassian:bitbucket:*:*:*:*:*:*:*:*"", ""versionStartIncluding"": ""3.7.0"", ""versionEndExcluding"": ""4.14.11"", ""matchCriteriaId"": ""5C25D6B2-925D-454F-94A4-932C36750004""}, {""vulnerable"": true, ""criteria"": ""cpe:2.3:a:atlassian:bitbucket:*:*:*:*:*:*:*:*"", ""versionStartIncluding"": ""5.0.0"", ""versionEndExcluding"": ""5.0.9"", ""matchCriteriaId"": ""38DB1A81-D0F0-4FEC-B4D7-4D3743970D70""}, {""vulnerable"": true, ""criteria"": ""cpe:2.3:a:atlassian:bitbucket:*:*:*:*:*:*:*:*"", ""versionStartIncluding"": ""5.1.0"", ""versionEndExcluding"": ""5.1.8"", ""matchCriteriaId"": ""892FF567-63AF-45A6-A4FC-DC49EAA8BE16""}, {""vulnerable"": true, ""criteria"": ""cpe:2.3:a:atlassian:bitbucket:*:*:*:*:*:*:*:*"", ""versionStartIncluding"": ""5.2.0"", ""versionEndExcluding"": ""5.2.6"", ""matchCriteriaId"": ""637D06F4-A793-43D0-A93E-E742E16DE64D""}, {""vulnerable"": true, ""criteria"": ""cpe:2.3:a:atlassian:bitbucket:*:*:*:*:*:*:*:*"", ""versionStartIncluding"": ""5.3.0"", ""versionEndExcluding"": ""5.3.4"", ""matchCriteriaId"": ""85004234-0089-4076-9151-B304C0BCBFC8""}, {""vulnerable"": true, ""criteria"": ""cpe:2.3:a:atlassian:bitbucket:*:*:*:*:*:*:*:*"", ""versionStartIncluding"": ""5.4.0"", ""versionEndExcluding"": ""5.4.2"", ""matchCriteriaId"": ""3C178873-0E12-45FA-B7A5-3AAE98CB7F72""}, {""vulnerable"": true, ""criteria"": ""cpe:2.3:a:atlassian:bitbucket:5.5.0:*:*:*:*:*:*:*"", ""matchCriteriaId"": ""C087CCB5-E39F-4338-B390-D929C0540BCD""}, {""vulnerable"": true, ""criteria"": ""cpe:2.3:a:atlassian:bitbucket:5.5.2:*:*:*:*:*:*:*"", ""matchCriteriaId"": ""25FC3472-E23A-49E4-BC52-31E36514B688""}, {""vulnerable"": true, ""criteria"": ""cpe:2.3:a:atlassian:bitbucket:5.5.3:*:*:*:*:*:*:*"", ""matchCriteriaId"": ""80FB88BA-26C7-4966-BE36-9511F94D7AEB""}, {""vulnerable"": true, ""criteria"": ""cpe:2.3:a:atlassian:bitbucket:5.5.4:*:*:*:*:*:*:*"", ""matchCriteriaId"": ""2D289E4E-3E36-44D9-A1AC-D88E271E3C36""}, {""vulnerable"": true, ""criteria"": ""cpe:2.3:a:atlassian:bitbucket:5.5.5:*:*:*:*:*:*:*"", ""matchCriteriaId"": ""A4045969-A843-403E-BE74-86FE57C89D00""}, {""vulnerable"": true, ""criteria"": ""cpe:2.3:a:atlassian:bitbucket:5.5.6:*:*:*:*:*:*:*"", ""matchCriteriaId"": ""18883184-B4FF-429F-8DD1-3A310226F494""}]}]}]","[{""url"": ""https://jira.atlassian.com/browse/BSERV-10595"", ""source"": ""security@atlassian.com"", ""tags"": [""Vendor Advisory""]}, {""url"": ""https://jira.atlassian.com/browse/BSERV-10595"", ""source"": ""af854a3a-2127-422b-91ae-364da2661108"", ""tags"": [""Vendor Advisory""]}]",[],"{""cvssMetricV30"": [{""source"": ""nvd@nist.gov"", ""type"": ""Primary"", ""cvssData"": {""version"": ""3.0"", ""vectorString"": ""CVSS:3.0/AV:N/AC:L/PR:L/UI:N/S:U/C:H/I:N/A:N"", ""baseScore"": 6.5, ""baseSeverity"": ""MEDIUM"", ""attackVector"": ""NETWORK"", ""attackComplexity"": ""LOW"", ""privilegesRequired"": ""LOW"", ""userInteraction"": ""NONE"", ""scope"": ""UNCHANGED"", ""confidentialityImpact"": ""HIGH"", ""integrityImpact"": ""NONE"", ""availabilityImpact"": ""NONE""}, ""exploitabilityScore"": 2.8, ""impactScore"": 3.6}], ""cvssMetricV2"": [{""source"": ""nvd@nist.gov"", ""type"": ""Primary"", ""cvssData"": {""version"": ""2.0"", ""vectorString"": ""AV:N/AC:L/Au:S/C:P/I:N/A:N"", ""baseScore"": 4.0, ""accessVector"": ""NETWORK"", ""accessComplexity"": ""LOW"", ""authentication"": ""SINGLE"", ""confidentialityImpact"": ""PARTIAL"", ""integrityImpact"": ""NONE"", ""availabilityImpact"": ""NONE""}, ""baseSeverity"": ""MEDIUM"", ""exploitabilityScore"": 8.0, ""impactScore"": 2.9, ""acInsufInfo"": false, ""obtainAllPrivilege"": false, ""obtainUserPrivilege"": false, ""obtainOtherPrivilege"": false, ""userInteractionRequired"": false}]}"
CVE-2017-18038,security@atlassian.com,2018-02-02T14:29:00.780,2024-11-21T03:19:13.513,Modified,"[{""lang"": ""en"", ""value"": ""The repository settings resource in Atlassian Bitbucket Server before version 5.6.0 allows remote attackers to read the first line of arbitrary files via a path traversal vulnerability through the default branch name.""}, {""lang"": ""es"", ""value"": ""El recurso de opciones del repositorio en Atlassian Bitbucket Server, en versiones anteriores a la 5.6.0, permite que atacantes remotos lean la primera línea de archivos arbitrarios mediante una vulnerabilidad de salto de directorio a través del nombre de rama por defecto.""}]","[{""source"": ""nvd@nist.gov"", ""type"": ""Primary"", ""description"": [{""lang"": ""en"", ""value"": ""CWE-22""}]}]","[{""nodes"": [{""operator"": ""OR"", ""negate"": false, ""cpeMatch"": [{""vulnerable"": true, ""criteria"": ""cpe:2.3:a:atlassian:bitbucket:*:*:*:*:*:*:*:*"", ""versionEndExcluding"": ""5.6.0"", ""matchCriteriaId"": ""D478F979-E3FE-45B1-A8EF-DDFC11EA6AD4""}]}]}]","[{""url"": ""https://jira.atlassian.com/browse/BSERV-10592"", ""source"": ""security@atlassian.com"", ""tags"": [""Issue Tracking"", ""Vendor Advisory""]}, {""url"": ""https://jira.atlassian.com/browse/BSERV-10592"", ""source"": ""af854a3a-2127-422b-91ae-364da2661108"", ""tags"": [""Issue Tracking"", ""Vendor Advisory""]}]",[],"{""cvssMetricV30"": [{""source"": ""nvd@nist.gov"", ""type"": ""Primary"", ""cvssData"": {""version"": ""3.0"", ""vectorString"": ""CVSS:3.0/AV:N/AC:L/PR:N/UI:N/S:U/C:L/I:N/A:N"", ""baseScore"": 5.3, ""baseSeverity"": ""MEDIUM"", ""attackVector"": ""NETWORK"", ""attackComplexity"": ""LOW"", ""privilegesRequired"": ""NONE"", ""userInteraction"": ""NONE"", ""scope"": ""UNCHANGED"", ""confidentialityImpact"": ""LOW"", ""integrityImpact"": ""NONE"", ""availabilityImpact"": ""NONE""}, ""exploitabilityScore"": 3.9, ""impactScore"": 1.4}], ""cvssMetricV2"": [{""source"": ""nvd@nist.gov"", ""type"": ""Primary"", ""cvssData"": {""version"": ""2.0"", ""vectorString"": ""AV:N/AC:L/Au:N/C:P/I:N/A:N"", ""baseScore"": 5.0, ""accessVector"": ""NETWORK"", ""accessComplexity"": ""LOW"", ""authentication"": ""NONE"", ""confidentialityImpact"": ""PARTIAL"", ""integrityImpact"": ""NONE"", ""availabilityImpact"": ""NONE""}, ""baseSeverity"": ""MEDIUM"", ""exploitabilityScore"": 10.0, ""impactScore"": 2.9, ""acInsufInfo"": true, ""obtainAllPrivilege"": false, ""obtainUserPrivilege"": false, ""obtainOtherPrivilege"": false, ""userInteractionRequired"": false}]}"
CVE-2017-18087,security@atlassian.com,2018-02-15T13:29:00.250,2024-11-21T03:19:20.000,Modified,"[{""lang"": ""en"", ""value"": ""The download commit resource in Atlassian Bitbucket Server from version 5.1.0 before version 5.1.7, from version 5.2.0 before version 5.2.5, from version 5.3.0 before version 5.3.3 and from version 5.4.0 before version 5.4.1 allows remote attackers to write files to disk potentially allowing them to gain code execution, exploit CVE-2017-1000117 if a vulnerable version of git is in use, and or determine if an internal service exists via an argument injection vulnerability in the at parameter.""}, {""lang"": ""es"", ""value"": ""El recurso download commit en Atlassian Bitbucket Server, desde la versión 5.1.0 anterior a la versión 5.1.7, desde la versión 5.2.0 anterior a la versión 5.2.5, desde la versión 5.3.0 anterior a la versión 5.3.3 y desde la versión 5.4.0 anterior a la versión 5.4.1, permite que atacantes remotos escriban archivos en el disco, permitiéndoles que puedan ejecutar código, explotar CVE-2017-1000117 si se está empleando una versión vulnerable de git o para determinar si existe un servicio interno por medio de una vulnerabilidad de inyección de argumentos en el parámetro at.""}]","[{""source"": ""nvd@nist.gov"", ""type"": ""Primary"", ""description"": [{""lang"": ""en"", ""value"": ""NVD-CWE-noinfo""}]}]","[{""nodes"": [{""operator"": ""OR"", ""negate"": false, ""cpeMatch"": [{""vulnerable"": true, ""criteria"": ""cpe:2.3:a:atlassian:bitbucket:*:*:*:*:*:*:*:*"", ""versionStartIncluding"": ""5.1.0"", ""versionEndExcluding"": ""5.1.7"", ""matchCriteriaId"": ""8016084B-D350-4BEB-8DF5-8535B0731E4C""}, {""vulnerable"": true, ""criteria"": ""cpe:2.3:a:atlassian:bitbucket:*:*:*:*:*:*:*:*"", ""versionStartIncluding"": ""5.2.0"", ""versionEndExcluding"": ""5.2.5"", ""matchCriteriaId"": ""CD7D36AD-BC10-4E62-8425-E192FE08404D""}, {""vulnerable"": true, ""criteria"": ""cpe:2.3:a:atlassian:bitbucket:*:*:*:*:*:*:*:*"", ""versionStartIncluding"": ""5.3.0"", ""versionEndExcluding"": ""5.3.3"", ""matchCriteriaId"": ""5DE43F75-BEBE-4F4F-A913-6FE0B8EF0FE3""}, {""vulnerable"": true, ""criteria"": ""cpe:2.3:a:atlassian:bitbucket:*:*:*:*:*:*:*:*"", ""versionStartExcluding"": ""5.4.0"", ""versionEndExcluding"": ""5.4.1"", ""matchCriteriaId"": ""F191B55F-E311-4B7C-90CA-0089D2044E6A""}]}]}]","[{""url"": ""http://www.securityfocus.com/bid/103038"", ""source"": ""security@atlassian.com"", ""tags"": [""Third Party Advisory"", ""VDB Entry""]}, {""url"": ""https://jira.atlassian.com/browse/BSERV-10593"", ""source"": ""security@atlassian.com"", ""tags"": [""Vendor Advisory""]}, {""url"": ""http://www.securityfocus.com/bid/103038"", ""source"": ""af854a3a-2127-422b-91ae-364da2661108"", ""tags"": [""Third Party Advisory"", ""VDB Entry""]}, {""url"": ""https://jira.atlassian.com/browse/BSERV-10593"", ""source"": ""af854a3a-2127-422b-91ae-364da2661108"", ""tags"": [""Vendor Advisory""]}]",[],"{""cvssMetricV30"": [{""source"": ""nvd@nist.gov"", ""type"": ""Primary"", ""cvssData"": {""version"": ""3.0"", ""vectorString"": ""CVSS:3.0/AV:N/AC:H/PR:L/UI:N/S:U/C:H/I:H/A:H"", ""baseScore"": 7.5, ""baseSeverity"": ""HIGH"", ""attackVector"": ""NETWORK"", ""attackComplexity"": ""HIGH"", ""privilegesRequired"": ""LOW"", ""userInteraction"": ""NONE"", ""scope"": ""UNCHANGED"", ""confidentialityImpact"": ""HIGH"", ""integrityImpact"": ""HIGH"", ""availabilityImpact"": ""HIGH""}, ""exploitabilityScore"": 1.6, ""impactScore"": 5.9}], ""cvssMetricV2"": [{""source"": ""nvd@nist.gov"", ""type"": ""Primary"", ""cvssData"": {""version"": ""2.0"", ""vectorString"": ""AV:N/AC:M/Au:S/C:P/I:P/A:P"", ""baseScore"": 6.0, ""accessVector"": ""NETWORK"", ""accessComplexity"": ""MEDIUM"", ""authentication"": ""SINGLE"", ""confidentialityImpact"": ""PARTIAL"", ""integrityImpact"": ""PARTIAL"", ""availabilityImpact"": ""PARTIAL""}, ""baseSeverity"": ""MEDIUM"", ""exploitabilityScore"": 6.8, ""impactScore"": 6.4, ""acInsufInfo"": false, ""obtainAllPrivilege"": false, ""obtainUserPrivilege"": false, ""obtainOtherPrivilege"": false, ""userInteractionRequired"": false}]}"
CVE-2017-18088,security@atlassian.com,2018-02-15T13:29:00.297,2024-11-21T03:19:20.117,Modified,"[{""lang"": ""en"", ""value"": ""Various plugin servlet resources in Atlassian Bitbucket Server before version 5.3.7 (the fixed version for 5.3.x), from version 5.4.0 before 5.4.6 (the fixed version for 5.4.x), from version 5.5.0 before 5.5.6 (the fixed version for 5.5.x), from version 5.6.0 before 5.6.3 (the fixed version for 5.6.x), from version 5.7.0 before 5.7.1 (the fixed version for 5.7.x) and before 5.8.0 allow remote attackers to conduct clickjacking attacks via framing various resources that lacked clickjacking protection.""}, {""lang"": ""es"", ""value"": ""Varios recursos del servlet del plugin en Atlassian Bitbucket Server, en versiones anteriores a la 5.3.7 (la versión solucionada para 5.3.x), desde la versión 5.4.0 anterior a la 5.4.6 (la versión solucionada para 5.4.x), desde la versión 5.5.0 anterior a la 5.5.6 (la versión solucionada para 5.5.x), desde la versión 5.6.0 anterior a la 5.6.3 (la versión solucionada para 5.6.x), desde la versión 5.7.0 anterior a la 5.7.1 (la versión solucionada para 5.7.x) y en versiones anteriores a la 5.8.0, permiten que los atacantes remotos lleven a cabo ataques de secuestro de clics integrando varios recursos que carecían de protección contra secuestro de clics.""}]","[{""source"": ""nvd@nist.gov"", ""type"": ""Primary"", ""description"": [{""lang"": ""en"", ""value"": ""CWE-20""}]}]","[{""nodes"": [{""operator"": ""OR"", ""negate"": false, ""cpeMatch"": [{""vulnerable"": true, ""criteria"": ""cpe:2.3:a:atlassian:bitbucket:*:*:*:*:*:*:*:*"", ""versionStartIncluding"": ""5.3.0"", ""versionEndExcluding"": ""5.3.7"", ""matchCriteriaId"": ""59FACEA5-6BFF-4F86-AAD0-A010E635781F""}, {""vulnerable"": true, ""criteria"": ""cpe:2.3:a:atlassian:bitbucket:*:*:*:*:*:*:*:*"", ""versionStartIncluding"": ""5.4.0"", ""versionEndExcluding"": ""5.4.6"", ""matchCriteriaId"": ""846BD10D-C2A1-402D-BACA-EC410D291253""}, {""vulnerable"": true, ""criteria"": ""cpe:2.3:a:atlassian:bitbucket:*:*:*:*:*:*:*:*"", ""versionStartIncluding"": ""5.5.0"", ""versionEndExcluding"": ""5.5.6"", ""matchCriteriaId"": ""563880B8-8258-408B-AEFD-550977F2DD57""}, {""vulnerable"": true, ""criteria"": ""cpe:2.3:a:atlassian:bitbucket:*:*:*:*:*:*:*:*"", ""versionStartIncluding"": ""5.6.0"", ""versionEndExcluding"": ""5.6.3"", ""matchCriteriaId"": ""8CF75C29-BCCA-4994-BE58-BCD08950D0B2""}, {""vulnerable"": true, ""criteria"": ""cpe:2.3:a:atlassian:bitbucket:*:*:*:*:*:*:*:*"", ""versionStartIncluding"": ""5.7.0"", ""versionEndExcluding"": ""5.7.1"", ""matchCriteriaId"": ""A0A49A1F-0B79-4BB3-B53A-D4905F5E6AC5""}]}]}]","[{""url"": ""http://www.securityfocus.com/bid/103040"", ""source"": ""security@atlassian.com"", ""tags"": [""Third Party Advisory"", ""VDB Entry""]}, {""url"": ""https://jira.atlassian.com/browse/BSERV-10594"", ""source"": ""security@atlassian.com"", ""tags"": [""Vendor Advisory""]}, {""url"": ""http://www.securityfocus.com/bid/103040"", ""source"": ""af854a3a-2127-422b-91ae-364da2661108"", ""tags"": [""Third Party Advisory"", ""VDB Entry""]}, {""url"": ""https://jira.atlassian.com/browse/BSERV-10594"", ""source"": ""af854a3a-2127-422b-91ae-364da2661108"", ""tags"": [""Vendor Advisory""]}]",[],"{""cvssMetricV30"": [{""source"": ""nvd@nist.gov"", ""type"": ""Primary"", ""cvssData"": {""version"": ""3.0"", ""vectorString"": ""CVSS:3.0/AV:N/AC:L/PR:N/UI:R/S:U/C:N/I:L/A:N"", ""baseScore"": 4.3, ""baseSeverity"": ""MEDIUM"", ""attackVector"": ""NETWORK"", ""attackComplexity"": ""LOW"", ""privilegesRequired"": ""NONE"", ""userInteraction"": ""REQUIRED"", ""scope"": ""UNCHANGED"", ""confidentialityImpact"": ""NONE"", ""integrityImpact"": ""LOW"", ""availabilityImpact"": ""NONE""}, ""exploitabilityScore"": 2.8, ""impactScore"": 1.4}], ""cvssMetricV2"": [{""source"": ""nvd@nist.gov"", ""type"": ""Primary"", ""cvssData"": {""version"": ""2.0"", ""vectorString"": ""AV:N/AC:M/Au:N/C:N/I:P/A:N"", ""baseScore"": 4.3, ""accessVector"": ""NETWORK"", ""accessComplexity"": ""MEDIUM"", ""authentication"": ""NONE"", ""confidentialityImpact"": ""NONE"", ""integrityImpact"": ""PARTIAL"", ""availabilityImpact"": ""NONE""}, ""baseSeverity"": ""MEDIUM"", ""exploitabilityScore"": 8.6, ""impactScore"": 2.9, ""acInsufInfo"": false, ""obtainAllPrivilege"": false, ""obtainUserPrivilege"": false, ""obtainOtherPrivilege"": false, ""userInteractionRequired"": true}]}"
CVE-2018-5225,security@atlassian.com,2018-03-22T13:29:00.810,2024-11-21T04:08:22.477,Modified,"[{""lang"": ""en"", ""value"": ""In browser editing in Atlassian Bitbucket Server from version 4.13.0 before 5.4.8 (the fixed version for 4.13.0 through 5.4.7), 5.5.0 before 5.5.8 (the fixed version for 5.5.x), 5.6.0 before 5.6.5 (the fixed version for 5.6.x), 5.7.0 before 5.7.3 (the fixed version for 5.7.x), and 5.8.0 before 5.8.2 (the fixed version for 5.8.x), allows authenticated users to gain remote code execution using the in browser editing feature via editing a symbolic link within a repository.""}, {""lang"": ""es"", ""value"": ""La edición en navegador de Atlassian Bitbucket Server, en versiones 4.13.0 anteriores a la 5.4.8 (la versión solucionada de la versión 4.13.0 hasta la 5.4.7), versiones 5.5.0 anteriores a la 5.5.8 (la versión solucionada de las versiones 5.5.x), versiones 5.6.0 anteriores a la 5.6.5 (la versión solucionada de las versiones 5.6.x), versiones 5.7.0 anteriores a la 5.7.3 (la versión solucionada de las versiones 5.7.x) y versiones 5.8.0 anteriores a la 5.8.2 (la versión solucionada para 5.8.x), permite que usuarios autenticados obtengan ejecución remota de código mediante la característica de edición en navegador editando un enlace simbólico en un repositorio.""}]","[{""source"": ""nvd@nist.gov"", ""type"": ""Primary"", ""description"": [{""lang"": ""en"", ""value"": ""CWE-59""}]}]","[{""nodes"": [{""operator"": ""OR"", ""negate"": false, ""cpeMatch"": [{""vulnerable"": true, ""criteria"": ""cpe:2.3:a:atlassian:bitbucket:*:*:*:*:*:*:*:*"", ""versionStartIncluding"": ""4.13.0"", ""versionEndExcluding"": ""5.4.8"", ""matchCriteriaId"": ""DBD82B36-AC2E-4658-AF54-08AD80ADC204""}, {""vulnerable"": true, ""criteria"": ""cpe:2.3:a:atlassian:bitbucket:*:*:*:*:*:*:*:*"", ""versionStartExcluding"": ""5.5.0"", ""versionEndExcluding"": ""5.5.8"", ""matchCriteriaId"": ""5851BBBD-A981-4EDF-908D-26777D56BC28""}, {""vulnerable"": true, ""criteria"": ""cpe:2.3:a:atlassian:bitbucket:*:*:*:*:*:*:*:*"", ""versionStartIncluding"": ""5.6.0"", ""versionEndExcluding"": ""5.6.5"", ""matchCriteriaId"": ""C297270E-797B-41F7-8C38-6CBE70F5F576""}, {""vulnerable"": true, ""criteria"": ""cpe:2.3:a:atlassian:bitbucket:*:*:*:*:*:*:*:*"", ""versionStartIncluding"": ""5.7.0"", ""versionEndExcluding"": ""5.7.3"", ""matchCriteriaId"": ""DEEE37C3-D9F9-45C6-BB6F-FF1D4BDC7753""}, {""vulnerable"": true, ""criteria"": ""cpe:2.3:a:atlassian:bitbucket:*:*:*:*:*:*:*:*"", ""versionStartIncluding"": ""5.8.0"", ""versionEndExcluding"": ""5.8.2"", ""matchCriteriaId"": ""B61465FD-C06C-48A7-BF01-5AAA5C690546""}]}]}]","[{""url"": ""http://www.securityfocus.com/bid/103488"", ""source"": ""security@atlassian.com"", ""tags"": [""Third Party Advisory"", ""VDB Entry""]}, {""url"": ""https://confluence.atlassian.com/x/3WNsO"", ""source"": ""security@atlassian.com"", ""tags"": [""Vendor Advisory""]}, {""url"": ""https://jira.atlassian.com/browse/BSERV-10684"", ""source"": ""security@atlassian.com"", ""tags"": [""Vendor Advisory""]}, {""url"": ""http://www.securityfocus.com/bid/103488"", ""source"": ""af854a3a-2127-422b-91ae-364da2661108"", ""tags"": [""Third Party Advisory"", ""VDB Entry""]}, {""url"": ""https://confluence.atlassian.com/x/3WNsO"", ""source"": ""af854a3a-2127-422b-91ae-364da2661108"", ""tags"": [""Vendor Advisory""]}, {""url"": ""https://jira.atlassian.com/browse/BSERV-10684"", ""source"": ""af854a3a-2127-422b-91ae-364da2661108"", ""tags"": [""Vendor Advisory""]}]",[],"{""cvssMetricV30"": [{""source"": ""nvd@nist.gov"", ""type"": ""Primary"", ""cvssData"": {""version"": ""3.0"", ""vectorString"": ""CVSS:3.0/AV:N/AC:L/PR:L/UI:N/S:C/C:H/I:H/A:H"", ""baseScore"": 9.9, ""baseSeverity"": ""CRITICAL"", ""attackVector"": ""NETWORK"", ""attackComplexity"": ""LOW"", ""privilegesRequired"": ""LOW"", ""userInteraction"": ""NONE"", ""scope"": ""CHANGED"", ""confidentialityImpact"": ""HIGH"", ""integrityImpact"": ""HIGH"", ""availabilityImpact"": ""HIGH""}, ""exploitabilityScore"": 3.1, ""impactScore"": 6.0}], ""cvssMetricV2"": [{""source"": ""nvd@nist.gov"", ""type"": ""Primary"", ""cvssData"": {""version"": ""2.0"", ""vectorString"": ""AV:N/AC:L/Au:S/C:P/I:P/A:P"", ""baseScore"": 6.5, ""accessVector"": ""NETWORK"", ""accessComplexity"": ""LOW"", ""authentication"": ""SINGLE"", ""confidentialityImpact"": ""PARTIAL"", ""integrityImpact"": ""PARTIAL"", ""availabilityImpact"": ""PARTIAL""}, ""baseSeverity"": ""MEDIUM"", ""exploitabilityScore"": 8.0, ""impactScore"": 6.4, ""acInsufInfo"": false, ""obtainAllPrivilege"": false, ""obtainUserPrivilege"": false, ""obtainOtherPrivilege"": false, ""userInteractionRequired"": false}]}"
CVE-2019-3397,security@atlassian.com,2019-06-03T14:29:00.293,2024-11-21T04:42:01.703,Modified,"[{""lang"": ""en"", ""value"": ""Atlassian Bitbucket Data Center licensed instances starting with version 5.13.0 before 5.13.6 (the fixed version for 5.13.x), from 5.14.0 before 5.14.4 (fixed version for 5.14.x), from 5.15.0 before 5.15.3 (fixed version for 5.15.x), from 5.16.0 before 5.16.3 (fixed version for 5.16.x), from 6.0.0 before 6.0.3 (fixed version for 6.0.x), and from 6.1.0 before 6.1.2 (the fixed version for 6.1.x) allow remote attackers who have admin permissions to achieve remote code execution on a Bitbucket server instance via path traversal through the Data Center migration tool.""}, {""lang"": ""es"", ""value"": ""Atlassian Bitbucket Data Center con licencias que comienzan con la versión 5.13.0 anterior a la 5.13.6 (la versión fija para 5.13.x), desde la versión 5.14.0 anterior a la 5.14.4 (versión fija para la 5.14.x), desde la versión 5.15.0 hasta la 5.15. 3 (versión fija para 5.15.x), de versión 5.16.0 anterior a 5.16.3 (versión fija de 5.16.x), desde versión 6.0.0 anterior a 6.0.3 (versión fija para 6.0.x), y desde versión 6.1.0 anterior a 6.1.2 (la versión fija para 6.1.x), permite a los atacanterior remotos con permisos de administrador lograr la ejecución de código remota en una instancia del servidor Bitbucket por medio de un salto de path (path trasversal) de la herramienta de migración del Centro de Datos.""}]","[{""source"": ""nvd@nist.gov"", ""type"": ""Primary"", ""description"": [{""lang"": ""en"", ""value"": ""CWE-22""}]}]","[{""nodes"": [{""operator"": ""OR"", ""negate"": false, ""cpeMatch"": [{""vulnerable"": true, ""criteria"": ""cpe:2.3:a:atlassian:bitbucket:*:*:*:*:*:*:*:*"", ""versionStartIncluding"": ""5.13.0"", ""versionEndExcluding"": ""5.13.6"", ""matchCriteriaId"": ""A6215D87-F4E1-445C-B201-89F411229CA4""}, {""vulnerable"": true, ""criteria"": ""cpe:2.3:a:atlassian:bitbucket:*:*:*:*:*:*:*:*"", ""versionStartIncluding"": ""5.14.0"", ""versionEndExcluding"": ""5.14.4"", ""matchCriteriaId"": ""6EFC24FA-DFFB-45B6-8F63-3AFDE1CC5464""}, {""vulnerable"": true, ""criteria"": ""cpe:2.3:a:atlassian:bitbucket:*:*:*:*:*:*:*:*"", ""versionStartIncluding"": ""5.15.0"", ""versionEndExcluding"": ""5.15.3"", ""matchCriteriaId"": ""6FD74B56-390D-48CB-93BB-0452869D58D7""}, {""vulnerable"": true, ""criteria"": ""cpe:2.3:a:atlassian:bitbucket:*:*:*:*:*:*:*:*"", ""versionStartIncluding"": ""5.16.0"", ""versionEndExcluding"": ""5.16.3"", ""matchCriteriaId"": ""0F6EA7D6-40E5-4F3D-B5C4-16DB7AB421A6""}, {""vulnerable"": true, ""criteria"": ""cpe:2.3:a:atlassian:bitbucket:*:*:*:*:*:*:*:*"", ""versionStartIncluding"": ""6.0.0"", ""versionEndExcluding"": ""6.0.3"", ""matchCriteriaId"": ""1D61084D-DA80-4EAD-AABA-DD94F9A69475""}, {""vulnerable"": true, ""criteria"": ""cpe:2.3:a:atlassian:bitbucket:*:*:*:*:*:*:*:*"", ""versionStartIncluding"": ""6.1.0"", ""versionEndExcluding"": ""6.1.2"", ""matchCriteriaId"": ""9E69F799-F16F-4C25-AE84-5D73CBEAD71D""}]}]}]","[{""url"": ""https://jira.atlassian.com/browse/BSERV-11706"", ""source"": ""security@atlassian.com"", ""tags"": [""Mitigation"", ""Vendor Advisory""]}, {""url"": ""https://jira.atlassian.com/browse/BSERV-11706"", ""source"": ""af854a3a-2127-422b-91ae-364da2661108"", ""tags"": [""Mitigation"", ""Vendor Advisory""]}]",[],"{""cvssMetricV30"": [{""source"": ""nvd@nist.gov"", ""type"": ""Primary"", ""cvssData"": {""version"": ""3.0"", ""vectorString"": ""CVSS:3.0/AV:N/AC:L/PR:H/UI:N/S:C/C:H/I:H/A:H"", ""baseScore"": 9.1, ""baseSeverity"": ""CRITICAL"", ""attackVector"": ""NETWORK"", ""attackComplexity"": ""LOW"", ""privilegesRequired"": ""HIGH"", ""userInteraction"": ""NONE"", ""scope"": ""CHANGED"", ""confidentialityImpact"": ""HIGH"", ""integrityImpact"": ""HIGH"", ""availabilityImpact"": ""HIGH""}, ""exploitabilityScore"": 2.3, ""impactScore"": 6.0}], ""cvssMetricV2"": [{""source"": ""nvd@nist.gov"", ""type"": ""Primary"", ""cvssData"": {""version"": ""2.0"", ""vectorString"": ""AV:N/AC:L/Au:S/C:C/I:C/A:C"", ""baseScore"": 9.0, ""accessVector"": ""NETWORK"", ""accessComplexity"": ""LOW"", ""authentication"": ""SINGLE"", ""confidentialityImpact"": ""COMPLETE"", ""integrityImpact"": ""COMPLETE"", ""availabilityImpact"": ""COMPLETE""}, ""baseSeverity"": ""HIGH"", ""exploitabilityScore"": 8.0, ""impactScore"": 10.0, ""acInsufInfo"": false, ""obtainAllPrivilege"": false, ""obtainUserPrivilege"": false, ""obtainOtherPrivilege"": false, ""userInteractionRequired"": false}]}"
CVE-2019-15000,security@atlassian.com,2019-09-19T15:15:15.437,2024-11-21T04:27:50.967,Modified,"[{""lang"": ""en"", ""value"": ""The commit diff rest endpoint in Bitbucket Server and Data Center before 5.16.10 (the fixed version for 5.16.x ), from 6.0.0 before 6.0.10 (the fixed version for 6.0.x), from 6.1.0 before 6.1.8 (the fixed version for 6.1.x), from 6.2.0 before 6.2.6 (the fixed version for 6.2.x), from 6.3.0 before 6.3.5 (the fixed version for 6.3.x), from 6.4.0 before 6.4.3 (the fixed version for 6.4.x), and from 6.5.0 before 6.5.2 (the fixed version for 6.5.x) allows remote attackers who have permission to access a repository, if public access is enabled for a project or repository then attackers are able to exploit this issue anonymously, to read the contents of arbitrary files on the system and execute commands via injecting additional arguments into git commands.""}, {""lang"": ""es"", ""value"": ""El end point commit diff rest en Bitbucket Server y Data Center versiones anteriores a 5.16.10 (la versión corregida para 5.16.x), versiones desde 6.0.0 anteriores a 6.0.10 (la versión corregida para 6.0.x), versiones desde 6.1.0 anteriores a 6.1. 8 (la versión corregida para 6.1.x), versiones desde 6.2.0 anteriores a 6.2.6 (la versión corregida para 6.2.x), versiones desde 6.3.0 anteriores a 6.3.5 (la versión corregida para 6.3.x), versiones desde 6.4. 0 anteriores a 6.4.3 (la versión corregida para 6.4.x), y versiones desde 6.5.0 anteriores a 6.5.2 (la versión corregida para 6.5.x), permite a atacantes remotos que poseen permiso acceder a un repositorio, si el acceso público está habilitado para un proyecto o repositorio, entonces los atacantes son capaces de explotar este problema de manera anónima, leer el contenido de archivos arbitrarios en el sistema y ejecutar comandos por medio de la inyección de argumentos adicionales en los comandos git.""}]","[{""source"": ""nvd@nist.gov"", ""type"": ""Primary"", ""description"": [{""lang"": ""en"", ""value"": ""CWE-78""}]}]","[{""nodes"": [{""operator"": ""OR"", ""negate"": false, ""cpeMatch"": [{""vulnerable"": true, ""criteria"": ""cpe:2.3:a:atlassian:bitbucket:*:*:*:*:*:*:*:*"", ""versionStartIncluding"": ""5.16.0"", ""versionEndExcluding"": ""5.16.10"", ""matchCriteriaId"": ""2C7DE8AA-35F7-4B1E-8FE7-4672016063CE""}, {""vulnerable"": true, ""criteria"": ""cpe:2.3:a:atlassian:bitbucket:*:*:*:*:*:*:*:*"", ""versionStartIncluding"": ""6.0.0"", ""versionEndExcluding"": ""6.0.10"", ""matchCriteriaId"": ""40D42EE6-BE67-483C-B547-47E3CFAAE043""}, {""vulnerable"": true, ""criteria"": ""cpe:2.3:a:atlassian:bitbucket:*:*:*:*:*:*:*:*"", ""versionStartIncluding"": ""6.1.0"", ""versionEndExcluding"": ""6.1.8"", ""matchCriteriaId"": ""909D4209-CABE-4B18-9268-4564AA66F9C3""}, {""vulnerable"": true, ""criteria"": ""cpe:2.3:a:atlassian:bitbucket:*:*:*:*:*:*:*:*"", ""versionStartIncluding"": ""6.2.0"", ""versionEndExcluding"": ""6.2.6"", ""matchCriteriaId"": ""A73B0184-4B34-4946-A617-DC9F33354718""}, {""vulnerable"": true, ""criteria"": ""cpe:2.3:a:atlassian:bitbucket:*:*:*:*:*:*:*:*"", ""versionStartIncluding"": ""6.3.0"", ""versionEndExcluding"": ""6.3.5"", ""matchCriteriaId"": ""C690612E-6290-4BA9-8E58-D9F206AB4718""}, {""vulnerable"": true, ""criteria"": ""cpe:2.3:a:atlassian:bitbucket:*:*:*:*:*:*:*:*"", ""versionStartIncluding"": ""6.4.0"", ""versionEndExcluding"": ""6.4.3"", ""matchCriteriaId"": ""C4C1EAA1-54B9-46E8-99D9-2E60A8E058F5""}, {""vulnerable"": true, ""criteria"": ""cpe:2.3:a:atlassian:bitbucket:*:*:*:*:*:*:*:*"", ""versionStartIncluding"": ""6.5.0"", ""versionEndExcluding"": ""6.5.2"", ""matchCriteriaId"": ""A5299C67-E9BC-4786-AF22-F0C3ADE7D94E""}]}]}]","[{""url"": ""http://packetstormsecurity.com/files/154610/Bitbucket-Server-Data-Center-Argument-Injection.html"", ""source"": ""security@atlassian.com""}, {""url"": ""https://jira.atlassian.com/browse/BSERV-11947"", ""source"": ""security@atlassian.com"", ""tags"": [""Vendor Advisory""]}, {""url"": ""https://seclists.org/bugtraq/2019/Sep/43"", ""source"": ""security@atlassian.com""}, {""url"": ""http://packetstormsecurity.com/files/154610/Bitbucket-Server-Data-Center-Argument-Injection.html"", ""source"": ""af854a3a-2127-422b-91ae-364da2661108""}, {""url"": ""https://jira.atlassian.com/browse/BSERV-11947"", ""source"": ""af854a3a-2127-422b-91ae-364da2661108"", ""tags"": [""Vendor Advisory""]}, {""url"": ""https://seclists.org/bugtraq/2019/Sep/43"", ""source"": ""af854a3a-2127-422b-91ae-364da2661108""}]",[],"{""cvssMetricV31"": [{""source"": ""nvd@nist.gov"", ""type"": ""Primary"", ""cvssData"": {""version"": ""3.1"", ""vectorString"": ""CVSS:3.1/AV:N/AC:L/PR:N/UI:N/S:U/C:H/I:H/A:H"", ""baseScore"": 9.8, ""baseSeverity"": ""CRITICAL"", ""attackVector"": ""NETWORK"", ""attackComplexity"": ""LOW"", ""privilegesRequired"": ""NONE"", ""userInteraction"": ""NONE"", ""scope"": ""UNCHANGED"", ""confidentialityImpact"": ""HIGH"", ""integrityImpact"": ""HIGH"", ""availabilityImpact"": ""HIGH""}, ""exploitabilityScore"": 3.9, ""impactScore"": 5.9}], ""cvssMetricV2"": [{""source"": ""nvd@nist.gov"", ""type"": ""Primary"", ""cvssData"": {""version"": ""2.0"", ""vectorString"": ""AV:N/AC:M/Au:N/C:P/I:P/A:P"", ""baseScore"": 6.8, ""accessVector"": ""NETWORK"", ""accessComplexity"": ""MEDIUM"", ""authentication"": ""NONE"", ""confidentialityImpact"": ""PARTIAL"", ""integrityImpact"": ""PARTIAL"", ""availabilityImpact"": ""PARTIAL""}, ""baseSeverity"": ""MEDIUM"", ""exploitabilityScore"": 8.6, ""impactScore"": 6.4, ""acInsufInfo"": false, ""obtainAllPrivilege"": false, ""obtainUserPrivilege"": false, ""obtainOtherPrivilege"": false, ""userInteractionRequired"": false}]}"
CVE-2019-15005,security@atlassian.com,2019-11-08T04:15:10.307,2024-11-21T04:27:51.487,Modified,"[{""lang"": ""en"", ""value"": ""The Atlassian Troubleshooting and Support Tools plugin prior to version 1.17.2 allows an unprivileged user to initiate periodic log scans and send the results to a user-specified email address due to a missing authorization check. The email message may contain configuration information about the application that the plugin is installed into. A vulnerable version of the plugin is included with Bitbucket Server / Data Center before 6.6.0, Confluence Server / Data Center before 7.0.1, Jira Server / Data Center before 8.3.2, Crowd / Crowd Data Center before 3.6.0, Fisheye before 4.7.2, Crucible before 4.7.2, and Bamboo before 6.10.2.""}, {""lang"": ""es"", ""value"": ""El plugin Atlassian Troubleshooting and Support anterior a versión 1.17.2, permite a un usuario sin privilegios iniciar escaneos de registros periódicos y enviar los resultados a una dirección de correo electrónico especificada por el usuario debido a una falta de comprobación de autorización. El mensaje de correo electrónico puede contener información de configuración sobre la aplicación en la que el plugin está instalado. Se incluye una versión vulnerable del plugin con Bitbucket Server/Data Center versiones anteriores a 6.6.0, Confluence Server / Data Center versiones anteriores a 7.0.1, Jira Server / Data Center versiones anteriores a 8.3.2, Crowd / Crowd Data Center versiones anteriores a 3.6.0, Fisheye versiones anteriores a 4.7.2, Crucible versiones anteriores a 4.7.2 y Bamboo versiones anteriores a 6.10.2.""}]","[{""source"": ""nvd@nist.gov"", ""type"": ""Primary"", ""description"": [{""lang"": ""en"", ""value"": ""CWE-862""}]}]","[{""nodes"": [{""operator"": ""OR"", ""negate"": false, ""cpeMatch"": [{""vulnerable"": true, ""criteria"": ""cpe:2.3:a:atlassian:troubleshooting_and_support:*:*:*:*:*:*:*:*"", ""versionEndExcluding"": ""1.17.2"", ""matchCriteriaId"": ""093A33BE-D93B-4CBC-9BF3-B37207CBAD84""}]}]}, {""nodes"": [{""operator"": ""OR"", ""negate"": false, ""cpeMatch"": [{""vulnerable"": true, ""criteria"": ""cpe:2.3:a:atlassian:bamboo:*:*:*:*:*:*:*:*"", ""versionEndExcluding"": ""6.10.2"", ""matchCriteriaId"": ""A17D5A1F-2408-4768-9DC3-F850B21B64AD""}, {""vulnerable"": true, ""criteria"": ""cpe:2.3:a:atlassian:bitbucket:*:*:*:*:*:*:*:*"", ""versionEndExcluding"": ""6.6.0"", ""matchCriteriaId"": ""BF79AB35-E420-4475-AD28-FC219C636C8B""}, {""vulnerable"": true, ""criteria"": ""cpe:2.3:a:atlassian:confluence:*:*:*:*:*:*:*:*"", ""versionEndExcluding"": ""7.0.1"", ""matchCriteriaId"": ""EC203A88-CA6B-4F1A-A68D-9C2CDE8F67FC""}, {""vulnerable"": true, ""criteria"": ""cpe:2.3:a:atlassian:crowd:*:*:*:*:*:*:*:*"", ""versionEndExcluding"": ""3.6.0"", ""matchCriteriaId"": ""1361951B-0754-45FF-96E4-8A886C24411B""}, {""vulnerable"": true, ""criteria"": ""cpe:2.3:a:atlassian:crucible:*:*:*:*:*:*:*:*"", ""versionEndExcluding"": ""4.7.2"", ""matchCriteriaId"": ""40EB5F54-C9BD-4299-A616-E3A8E20C77FB""}, {""vulnerable"": true, ""criteria"": ""cpe:2.3:a:atlassian:fisheye:*:*:*:*:*:*:*:*"", ""versionEndExcluding"": ""4.7.2"", ""matchCriteriaId"": ""452D57FA-0A0B-486F-9D4B-45487B68FFB9""}, {""vulnerable"": true, ""criteria"": ""cpe:2.3:a:atlassian:jira:*:*:*:*:*:*:*:*"", ""versionEndExcluding"": ""8.3.2"", ""matchCriteriaId"": ""76FE371E-3000-464E-ADEE-033BF2989429""}]}]}]","[{""url"": ""https://herolab.usd.de/security-advisories/usd-2019-0016/"", ""source"": ""security@atlassian.com""}, {""url"": ""https://jira.atlassian.com/browse/BAM-20647"", ""source"": ""security@atlassian.com"", ""tags"": [""Issue Tracking"", ""Vendor Advisory""]}, {""url"": ""https://herolab.usd.de/security-advisories/usd-2019-0016/"", ""source"": ""af854a3a-2127-422b-91ae-364da2661108""}, {""url"": ""https://jira.atlassian.com/browse/BAM-20647"", ""source"": ""af854a3a-2127-422b-91ae-364da2661108"", ""tags"": [""Issue Tracking"", ""Vendor Advisory""]}]",[],"{""cvssMetricV31"": [{""source"": ""nvd@nist.gov"", ""type"": ""Primary"", ""cvssData"": {""version"": ""3.1"", ""vectorString"": ""CVSS:3.1/AV:N/AC:L/PR:L/UI:N/S:U/C:L/I:N/A:N"", ""baseScore"": 4.3, ""baseSeverity"": ""MEDIUM"", ""attackVector"": ""NETWORK"", ""attackComplexity"": ""LOW"", ""privilegesRequired"": ""LOW"", ""userInteraction"": ""NONE"", ""scope"": ""UNCHANGED"", ""confidentialityImpact"": ""LOW"", ""integrityImpact"": ""NONE"", ""availabilityImpact"": ""NONE""}, ""exploitabilityScore"": 2.8, ""impactScore"": 1.4}], ""cvssMetricV2"": [{""source"": ""nvd@nist.gov"", ""type"": ""Primary"", ""cvssData"": {""version"": ""2.0"", ""vectorString"": ""AV:N/AC:L/Au:S/C:P/I:N/A:N"", ""baseScore"": 4.0, ""accessVector"": ""NETWORK"", ""accessComplexity"": ""LOW"", ""authentication"": ""SINGLE"", ""confidentialityImpact"": ""PARTIAL"", ""integrityImpact"": ""NONE"", ""availabilityImpact"": ""NONE""}, ""baseSeverity"": ""MEDIUM"", ""exploitabilityScore"": 8.0, ""impactScore"": 2.9, ""acInsufInfo"": false, ""obtainAllPrivilege"": false, ""obtainUserPrivilege"": false, ""obtainOtherPrivilege"": false, ""userInteractionRequired"": false}]}"
CVE-2019-15010,security@atlassian.com,2020-01-15T21:15:12.313,2024-11-21T04:27:52.060,Modified,"[{""lang"": ""en"", ""value"": ""Bitbucket Server and Bitbucket Data Center versions starting from version 3.0.0 before version 5.16.11, from version 6.0.0 before 6.0.11, from version 6.1.0 before 6.1.9, from version 6.2.0 before 6.2.7, from version 6.3.0 before 6.3.6, from version 6.4.0 before 6.4.4, from version 6.5.0 before 6.5.3, from version 6.6.0 before 6.6.3, from version 6.7.0 before 6.7.3, from version 6.8.0 before 6.8.2, and from version 6.9.0 before 6.9.1 had a Remote Code Execution vulnerability via certain user input fields. A remote attacker with user level permissions can exploit this vulnerability to run arbitrary commands on the victim's systems. Using a specially crafted payload as user input, the attacker can execute arbitrary commands on the victim's Bitbucket Server or Bitbucket Data Center instance.""}, {""lang"": ""es"", ""value"": ""Bitbucket Server y Bitbucket Data Center versiones comenzando desde 3.0.0 anteriores a la versión 5.16.11, desde versión 6.0.0 anteriores a la versión  6.0.11, desde versión 6.1.0 anteriores a  la versión 6.1.9, desde versión 6.2.0 anteriores a la versión  6.2.7, desde versión 6.3.0 anteriores a la versión  6.3.6, desde versión 6.4.0 anteriores a la versión  6.4.4, desde versión 6.5.0 anteriores a la versión 6.5.3, desde versión 6.6.0 anteriores a la versión  6.6.3, desde versión 6.7.0 anteriores a la versión  6.7.3, desde versión 6.8.0 anteriores a la versión 6.8.2 y desde versión 6.9.0 anteriores a la versión  6.9.1, tenían  una vulnerabilidad de Ejecución de Código Remota por medio de ciertos campos de entrada de usuario. Un atacante remoto con permisos de nivel de usuario puede explotar esta vulnerabilidad para ejecutar comandos arbitrarios en los sistemas de la víctima. Utilizando una carga útil especialmente diseñada como entrada de usuario, el atacante puede ejecutar comandos arbitrarios sobre las instancias Bitbucket Server o Bitbucket Data de las víctimas.""}]","[{""source"": ""nvd@nist.gov"", ""type"": ""Primary"", ""description"": [{""lang"": ""en"", ""value"": ""CWE-77""}]}]","[{""nodes"": [{""operator"": ""OR"", ""negate"": false, ""cpeMatch"": [{""vulnerable"": true, ""criteria"": ""cpe:2.3:a:atlassian:bitbucket:*:*:*:*:*:*:*:*"", ""versionStartIncluding"": ""3.0.0"", ""versionEndExcluding"": ""5.6.11"", ""matchCriteriaId"": ""3421F4B2-A825-4715-A7F3-CB2EA2B8196D""}, {""vulnerable"": true, ""criteria"": ""cpe:2.3:a:atlassian:bitbucket:*:*:*:*:*:*:*:*"", ""versionStartIncluding"": ""6.0.0"", ""versionEndExcluding"": ""6.0.11"", ""matchCriteriaId"": ""48C8C6EE-1C20-4A8D-BEDA-166FBBEFCF2F""}, {""vulnerable"": true, ""criteria"": ""cpe:2.3:a:atlassian:bitbucket:*:*:*:*:*:*:*:*"", ""versionStartIncluding"": ""6.1.0"", ""versionEndExcluding"": ""6.1.9"", ""matchCriteriaId"": ""FFF37587-82F5-4EE0-A937-28C38801D764""}, {""vulnerable"": true, ""criteria"": ""cpe:2.3:a:atlassian:bitbucket:*:*:*:*:*:*:*:*"", ""versionStartIncluding"": ""6.2.0"", ""versionEndExcluding"": ""6.2.7"", ""matchCriteriaId"": ""42E0BC42-C30E-4A8E-A8EE-FBDE1DE54320""}, {""vulnerable"": true, ""criteria"": ""cpe:2.3:a:atlassian:bitbucket:*:*:*:*:*:*:*:*"", ""versionStartIncluding"": ""6.3.0"", ""versionEndExcluding"": ""6.3.6"", ""matchCriteriaId"": ""B9684FBA-86AA-41DC-BE24-E569528D73F5""}, {""vulnerable"": true, ""criteria"": ""cpe:2.3:a:atlassian:bitbucket:*:*:*:*:*:*:*:*"", ""versionStartIncluding"": ""6.4.0"", ""versionEndExcluding"": ""6.4.4"", ""matchCriteriaId"": ""D9DB2AEC-BCD8-4F4C-8B46-DA7C1106CC19""}, {""vulnerable"": true, ""criteria"": ""cpe:2.3:a:atlassian:bitbucket:*:*:*:*:*:*:*:*"", ""versionStartIncluding"": ""6.5.0"", ""versionEndExcluding"": ""6.5.3"", ""matchCriteriaId"": ""5EFDFE4F-C06F-4E7D-B4FB-9AF75ADF9B0D""}, {""vulnerable"": true, ""criteria"": ""cpe:2.3:a:atlassian:bitbucket:*:*:*:*:*:*:*:*"", ""versionStartIncluding"": ""6.6.0"", ""versionEndExcluding"": ""6.6.3"", ""matchCriteriaId"": ""24C8E399-F9B1-4C2F-8950-743D5648FCB8""}, {""vulnerable"": true, ""criteria"": ""cpe:2.3:a:atlassian:bitbucket:*:*:*:*:*:*:*:*"", ""versionStartIncluding"": ""6.7.0"", ""versionEndExcluding"": ""6.7.3"", ""matchCriteriaId"": ""EF8E5098-21B9-416A-A83B-9F9141DEEC7C""}, {""vulnerable"": true, ""criteria"": ""cpe:2.3:a:atlassian:bitbucket:*:*:*:*:*:*:*:*"", ""versionStartIncluding"": ""6.8.0"", ""versionEndExcluding"": ""6.8.2"", ""matchCriteriaId"": ""866E87CD-8AD5-4241-82F9-80720F1E794E""}, {""vulnerable"": true, ""criteria"": ""cpe:2.3:a:atlassian:bitbucket:*:*:*:*:*:*:*:*"", ""versionStartIncluding"": ""6.9.0"", ""versionEndExcluding"": ""6.9.1"", ""matchCriteriaId"": ""2873B168-8A85-4AB0-BD92-95423928F20D""}]}]}]","[{""url"": ""https://jira.atlassian.com/browse/BSERV-12098"", ""source"": ""security@atlassian.com"", ""tags"": [""Issue Tracking"", ""Vendor Advisory""]}, {""url"": ""https://jira.atlassian.com/browse/BSERV-12098"", ""source"": ""af854a3a-2127-422b-91ae-364da2661108"", ""tags"": [""Issue Tracking"", ""Vendor Advisory""]}]",[],"{""cvssMetricV31"": [{""source"": ""nvd@nist.gov"", ""type"": ""Primary"", ""cvssData"": {""version"": ""3.1"", ""vectorString"": ""CVSS:3.1/AV:N/AC:L/PR:L/UI:N/S:U/C:H/I:H/A:H"", ""baseScore"": 8.8, ""baseSeverity"": ""HIGH"", ""attackVector"": ""NETWORK"", ""attackComplexity"": ""LOW"", ""privilegesRequired"": ""LOW"", ""userInteraction"": ""NONE"", ""scope"": ""UNCHANGED"", ""confidentialityImpact"": ""HIGH"", ""integrityImpact"": ""HIGH"", ""availabilityImpact"": ""HIGH""}, ""exploitabilityScore"": 2.8, ""impactScore"": 5.9}], ""cvssMetricV2"": [{""source"": ""nvd@nist.gov"", ""type"": ""Primary"", ""cvssData"": {""version"": ""2.0"", ""vectorString"": ""AV:N/AC:L/Au:S/C:P/I:P/A:P"", ""baseScore"": 6.5, ""accessVector"": ""NETWORK"", ""accessComplexity"": ""LOW"", ""authentication"": ""SINGLE"", ""confidentialityImpact"": ""PARTIAL"", ""integrityImpact"": ""PARTIAL"", ""availabilityImpact"": ""PARTIAL""}, ""baseSeverity"": ""MEDIUM"", ""exploitabilityScore"": 8.0, ""impactScore"": 6.4, ""acInsufInfo"": false, ""obtainAllPrivilege"": false, ""obtainUserPrivilege"": false, ""obtainOtherPrivilege"": false, ""userInteractionRequired"": false}]}"
CVE-2019-15012,security@atlassian.com,2020-01-15T21:15:12.390,2024-11-21T04:27:52.303,Modified,"[{""lang"": ""en"", ""value"": ""Bitbucket Server and Bitbucket Data Center from version 4.13. before 5.16.11, from version 6.0.0 before 6.0.11, from version 6.1.0 before 6.1.9, from version 6.2.0 before 6.2.7, from version 6.3.0 before 6.3.6, from version 6.4.0 before 6.4.4, from version 6.5.0 before 6.5.3, from version 6.6.0 before 6.6.3, from version 6.7.0 before 6.7.3, from version 6.8.0 before 6.8.2, from version 6.9.0 before 6.9.1 had a Remote Code Execution vulnerability via the edit-file request. A remote attacker with write permission on a repository can write to any arbitrary file to the victims Bitbucket Server or Bitbucket Data Center instance using the edit-file endpoint, if the user has Bitbucket Server or Bitbucket Data Center running, and has the permission to write the file at that destination. In some cases, this can result in execution of arbitrary code by the victims Bitbucket Server or Bitbucket Data Center instance.""}, {""lang"": ""es"", ""value"": ""Bitbucket Server y Bitbucket Data Center desde la versión 4.13. anteriores a la versión 5.16.11, desde versión 6.0.0 anteriores a la versión  6.0.11, desde versión 6.1.0 anteriores a la versión  6.1.9, desde versión 6.2.0 anteriores a la versión  6.2.7, desde versión 6.3.0 anteriores a la versión  6.3.6, desde versión 6.4.0 anteriores a la versión  6.4.4, desde versión 6.5.0 anteriores a  la versión 6.5.3, desde versión 6.6.0 anteriores a 6.6.3, desde versión 6.7.0 anteriores a 6.7.3, desde versión 6.8.0 anteriores a la versión  6.8.2, desde versión 6.9.0 anteriores a la versión  6.9.1, tiene una vulnerabilidad de Ejecución de Código Remota por medio de la petición edit-file. Un atacante remoto con permiso de escritura en un repositorio puede escribir en cualquier archivo arbitrario en las instancias de Bitbucket Server o Bitbucket Data Center de las víctimas utilizando el endpoint edit-file, si el usuario tiene Bitbucket Server o Bitbucket Data Center en ejecución, y posee permiso para escribir el archivo en ese destino. En algunos casos, esto puede resultar en la ejecución de código arbitrario para las instancias Bitbucket Server o Bitbucket Data Center de las víctimas.""}]","[{""source"": ""nvd@nist.gov"", ""type"": ""Primary"", ""description"": [{""lang"": ""en"", ""value"": ""CWE-269""}]}]","[{""nodes"": [{""operator"": ""OR"", ""negate"": false, ""cpeMatch"": [{""vulnerable"": true, ""criteria"": ""cpe:2.3:a:atlassian:bitbucket:*:*:*:*:*:*:*:*"", ""versionStartIncluding"": ""4.13.0"", ""versionEndExcluding"": ""5.6.11"", ""matchCriteriaId"": ""77D2D5CB-064D-44C7-9C80-46BDD4A833B3""}, {""vulnerable"": true, ""criteria"": ""cpe:2.3:a:atlassian:bitbucket:*:*:*:*:*:*:*:*"", ""versionStartIncluding"": ""6.0.0"", ""versionEndExcluding"": ""6.0.11"", ""matchCriteriaId"": ""48C8C6EE-1C20-4A8D-BEDA-166FBBEFCF2F""}, {""vulnerable"": true, ""criteria"": ""cpe:2.3:a:atlassian:bitbucket:*:*:*:*:*:*:*:*"", ""versionStartIncluding"": ""6.1.0"", ""versionEndExcluding"": ""6.1.9"", ""matchCriteriaId"": ""FFF37587-82F5-4EE0-A937-28C38801D764""}, {""vulnerable"": true, ""criteria"": ""cpe:2.3:a:atlassian:bitbucket:*:*:*:*:*:*:*:*"", ""versionStartIncluding"": ""6.2.0"", ""versionEndExcluding"": ""6.2.7"", ""matchCriteriaId"": ""42E0BC42-C30E-4A8E-A8EE-FBDE1DE54320""}, {""vulnerable"": true, ""criteria"": ""cpe:2.3:a:atlassian:bitbucket:*:*:*:*:*:*:*:*"", ""versionStartIncluding"": ""6.3.0"", ""versionEndExcluding"": ""6.3.6"", ""matchCriteriaId"": ""B9684FBA-86AA-41DC-BE24-E569528D73F5""}, {""vulnerable"": true, ""criteria"": ""cpe:2.3:a:atlassian:bitbucket:*:*:*:*:*:*:*:*"", ""versionStartIncluding"": ""6.4.0"", ""versionEndExcluding"": ""6.4.4"", ""matchCriteriaId"": ""D9DB2AEC-BCD8-4F4C-8B46-DA7C1106CC19""}, {""vulnerable"": true, ""criteria"": ""cpe:2.3:a:atlassian:bitbucket:*:*:*:*:*:*:*:*"", ""versionStartIncluding"": ""6.5.0"", ""versionEndExcluding"": ""6.5.3"", ""matchCriteriaId"": ""5EFDFE4F-C06F-4E7D-B4FB-9AF75ADF9B0D""}, {""vulnerable"": true, ""criteria"": ""cpe:2.3:a:atlassian:bitbucket:*:*:*:*:*:*:*:*"", ""versionStartIncluding"": ""6.6.0"", ""versionEndExcluding"": ""6.6.3"", ""matchCriteriaId"": ""24C8E399-F9B1-4C2F-8950-743D5648FCB8""}, {""vulnerable"": true, ""criteria"": ""cpe:2.3:a:atlassian:bitbucket:*:*:*:*:*:*:*:*"", ""versionStartIncluding"": ""6.7.0"", ""versionEndExcluding"": ""6.7.3"", ""matchCriteriaId"": ""EF8E5098-21B9-416A-A83B-9F9141DEEC7C""}, {""vulnerable"": true, ""criteria"": ""cpe:2.3:a:atlassian:bitbucket:*:*:*:*:*:*:*:*"", ""versionStartIncluding"": ""6.8.0"", ""versionEndExcluding"": ""6.8.2"", ""matchCriteriaId"": ""866E87CD-8AD5-4241-82F9-80720F1E794E""}, {""vulnerable"": true, ""criteria"": ""cpe:2.3:a:atlassian:bitbucket:*:*:*:*:*:*:*:*"", ""versionStartIncluding"": ""6.9.0"", ""versionEndExcluding"": ""6.9.1"", ""matchCriteriaId"": ""2873B168-8A85-4AB0-BD92-95423928F20D""}]}]}]","[{""url"": ""https://jira.atlassian.com/browse/BSERV-12100"", ""source"": ""security@atlassian.com"", ""tags"": [""Issue Tracking"", ""Vendor Advisory""]}, {""url"": ""https://jira.atlassian.com/browse/BSERV-12100"", ""source"": ""af854a3a-2127-422b-91ae-364da2661108"", ""tags"": [""Issue Tracking"", ""Vendor Advisory""]}]",[],"{""cvssMetricV31"": [{""source"": ""nvd@nist.gov"", ""type"": ""Primary"", ""cvssData"": {""version"": ""3.1"", ""vectorString"": ""CVSS:3.1/AV:N/AC:L/PR:L/UI:N/S:U/C:H/I:H/A:H"", ""baseScore"": 8.8, ""baseSeverity"": ""HIGH"", ""attackVector"": ""NETWORK"", ""attackComplexity"": ""LOW"", ""privilegesRequired"": ""LOW"", ""userInteraction"": ""NONE"", ""scope"": ""UNCHANGED"", ""confidentialityImpact"": ""HIGH"", ""integrityImpact"": ""HIGH"", ""availabilityImpact"": ""HIGH""}, ""exploitabilityScore"": 2.8, ""impactScore"": 5.9}], ""cvssMetricV2"": [{""source"": ""nvd@nist.gov"", ""type"": ""Primary"", ""cvssData"": {""version"": ""2.0"", ""vectorString"": ""AV:N/AC:L/Au:S/C:P/I:P/A:P"", ""baseScore"": 6.5, ""accessVector"": ""NETWORK"", ""accessComplexity"": ""LOW"", ""authentication"": ""SINGLE"", ""confidentialityImpact"": ""PARTIAL"", ""integrityImpact"": ""PARTIAL"", ""availabilityImpact"": ""PARTIAL""}, ""baseSeverity"": ""MEDIUM"", ""exploitabilityScore"": 8.0, ""impactScore"": 6.4, ""acInsufInfo"": false, ""obtainAllPrivilege"": false, ""obtainUserPrivilege"": false, ""obtainOtherPrivilege"": false, ""userInteractionRequired"": false}]}"
CVE-2019-20097,security@atlassian.com,2020-01-15T21:15:12.483,2024-11-21T04:38:03.433,Modified,"[{""lang"": ""en"", ""value"": ""Bitbucket Server and Bitbucket Data Center versions starting from 1.0.0 before 5.16.11, from version 6.0.0 before 6.0.11, from version 6.1.0 before 6.1.9, from version 6.2.0 before 6.2.7, from version 6.3.0 before 6.3.6, from version 6.4.0 before 6.4.4, from version 6.5.0 before 6.5.3, from version 6.6.0 before 6.6.3, from version 6.7.0 before 6.7.3, from version 6.8.0 before 6.8.2, from version 6.9.0 before 6.9.1 had a Remote Code Execution vulnerability via the post-receive hook. A remote attacker with permission to clone and push files to a repository on the victim's Bitbucket Server or Bitbucket Data Center instance, can exploit this vulnerability to execute arbitrary commands on the Bitbucket Server or Bitbucket Data Center systems, using a file with specially crafted content.""}, {""lang"": ""es"", ""value"": ""Bitbucket Server y Bitbucket Data Center versiones comenzando desde 1.0.0 anteriores a la versión 5.16.11, desde versión 6.0.0  anteriores a la versión 6.0.11, desde versión 6.1.0 anteriores a  la versión 6.1.9, desde versión 6.2.0 anteriores a la versión  6.2.7, desde versión 6.3 .0 anteriores a la versión 6.3.6, desde versión 6.4.0 anteriores a la versión 6.4.4, desde versión 6.5.0 anteriores a 6.5.3, desde versión 6.6.0 anteriores a 6.6.3, desde versión 6.7.0 anteriores a la versión 6.7.3, desde versión 6.8 .0 anteriores a la versión  6.8.2, desde versión 6.9.0 anteriores a la versión 6.9.1, tiene una vulnerabilidad de Ejecución de Código Remota por medio del enlace post-receive. Un atacante remoto con permiso para clonar y colocar archivos a un repositorio en la instancia de Bitbucket Server o Bitbucket Data Center de la víctima, puede explotar esta vulnerabilidad para ejecutar comandos arbitrarios en los sistemas Bitbucket Server o Bitbucket Data Center, utilizando un archivo con contenido especialmente diseñado.""}]","[{""source"": ""nvd@nist.gov"", ""type"": ""Primary"", ""description"": [{""lang"": ""en"", ""value"": ""NVD-CWE-noinfo""}]}]","[{""nodes"": [{""operator"": ""OR"", ""negate"": false, ""cpeMatch"": [{""vulnerable"": true, ""criteria"": ""cpe:2.3:a:atlassian:bitbucket:*:*:*:*:*:*:*:*"", ""versionStartIncluding"": ""1.0.0"", ""versionEndExcluding"": ""5.6.11"", ""matchCriteriaId"": ""46BCBD19-3B62-4A81-9312-68E46D4A39D8""}, {""vulnerable"": true, ""criteria"": ""cpe:2.3:a:atlassian:bitbucket:*:*:*:*:*:*:*:*"", ""versionStartIncluding"": ""6.0.0"", ""versionEndExcluding"": ""6.0.11"", ""matchCriteriaId"": ""48C8C6EE-1C20-4A8D-BEDA-166FBBEFCF2F""}, {""vulnerable"": true, ""criteria"": ""cpe:2.3:a:atlassian:bitbucket:*:*:*:*:*:*:*:*"", ""versionStartIncluding"": ""6.1.0"", ""versionEndExcluding"": ""6.1.9"", ""matchCriteriaId"": ""FFF37587-82F5-4EE0-A937-28C38801D764""}, {""vulnerable"": true, ""criteria"": ""cpe:2.3:a:atlassian:bitbucket:*:*:*:*:*:*:*:*"", ""versionStartIncluding"": ""6.2.0"", ""versionEndExcluding"": ""6.2.7"", ""matchCriteriaId"": ""42E0BC42-C30E-4A8E-A8EE-FBDE1DE54320""}, {""vulnerable"": true, ""criteria"": ""cpe:2.3:a:atlassian:bitbucket:*:*:*:*:*:*:*:*"", ""versionStartIncluding"": ""6.3.0"", ""versionEndExcluding"": ""6.3.6"", ""matchCriteriaId"": ""B9684FBA-86AA-41DC-BE24-E569528D73F5""}, {""vulnerable"": true, ""criteria"": ""cpe:2.3:a:atlassian:bitbucket:*:*:*:*:*:*:*:*"", ""versionStartIncluding"": ""6.4.0"", ""versionEndExcluding"": ""6.4.4"", ""matchCriteriaId"": ""D9DB2AEC-BCD8-4F4C-8B46-DA7C1106CC19""}, {""vulnerable"": true, ""criteria"": ""cpe:2.3:a:atlassian:bitbucket:*:*:*:*:*:*:*:*"", ""versionStartIncluding"": ""6.5.0"", ""versionEndExcluding"": ""6.5.3"", ""matchCriteriaId"": ""5EFDFE4F-C06F-4E7D-B4FB-9AF75ADF9B0D""}, {""vulnerable"": true, ""criteria"": ""cpe:2.3:a:atlassian:bitbucket:*:*:*:*:*:*:*:*"", ""versionStartIncluding"": ""6.6.0"", ""versionEndExcluding"": ""6.6.3"", ""matchCriteriaId"": ""24C8E399-F9B1-4C2F-8950-743D5648FCB8""}, {""vulnerable"": true, ""criteria"": ""cpe:2.3:a:atlassian:bitbucket:*:*:*:*:*:*:*:*"", ""versionStartIncluding"": ""6.7.0"", ""versionEndExcluding"": ""6.7.3"", ""matchCriteriaId"": ""EF8E5098-21B9-416A-A83B-9F9141DEEC7C""}, {""vulnerable"": true, ""criteria"": ""cpe:2.3:a:atlassian:bitbucket:*:*:*:*:*:*:*:*"", ""versionStartIncluding"": ""6.8.0"", ""versionEndExcluding"": ""6.8.2"", ""matchCriteriaId"": ""866E87CD-8AD5-4241-82F9-80720F1E794E""}, {""vulnerable"": true, ""criteria"": ""cpe:2.3:a:atlassian:bitbucket:*:*:*:*:*:*:*:*"", ""versionStartIncluding"": ""6.9.0"", ""versionEndExcluding"": ""6.9.1"", ""matchCriteriaId"": ""2873B168-8A85-4AB0-BD92-95423928F20D""}]}]}]","[{""url"": ""https://jira.atlassian.com/browse/BSERV-12099"", ""source"": ""security@atlassian.com"", ""tags"": [""Issue Tracking"", ""Patch"", ""Vendor Advisory""]}, {""url"": ""https://jira.atlassian.com/browse/BSERV-12099"", ""source"": ""af854a3a-2127-422b-91ae-364da2661108"", ""tags"": [""Issue Tracking"", ""Patch"", ""Vendor Advisory""]}]",[],"{""cvssMetricV31"": [{""source"": ""nvd@nist.gov"", ""type"": ""Primary"", ""cvssData"": {""version"": ""3.1"", ""vectorString"": ""CVSS:3.1/AV:N/AC:L/PR:L/UI:N/S:U/C:H/I:H/A:H"", ""baseScore"": 8.8, ""baseSeverity"": ""HIGH"", ""attackVector"": ""NETWORK"", ""attackComplexity"": ""LOW"", ""privilegesRequired"": ""LOW"", ""userInteraction"": ""NONE"", ""scope"": ""UNCHANGED"", ""confidentialityImpact"": ""HIGH"", ""integrityImpact"": ""HIGH"", ""availabilityImpact"": ""HIGH""}, ""exploitabilityScore"": 2.8, ""impactScore"": 5.9}], ""cvssMetricV2"": [{""source"": ""nvd@nist.gov"", ""type"": ""Primary"", ""cvssData"": {""version"": ""2.0"", ""vectorString"": ""AV:N/AC:L/Au:S/C:P/I:P/A:P"", ""baseScore"": 6.5, ""accessVector"": ""NETWORK"", ""accessComplexity"": ""LOW"", ""authentication"": ""SINGLE"", ""confidentialityImpact"": ""PARTIAL"", ""integrityImpact"": ""PARTIAL"", ""availabilityImpact"": ""PARTIAL""}, ""baseSeverity"": ""MEDIUM"", ""exploitabilityScore"": 8.0, ""impactScore"": 6.4, ""acInsufInfo"": false, ""obtainAllPrivilege"": false, ""obtainUserPrivilege"": false, ""obtainOtherPrivilege"": false, ""userInteractionRequired"": false}]}"
CVE-2020-14170,security@atlassian.com,2020-07-09T18:15:10.770,2024-11-21T05:02:47.547,Modified,"[{""lang"": ""en"", ""value"": ""Webhooks in Atlassian Bitbucket Server from version 5.4.0 before version 7.3.1 allow remote attackers to access the content of internal network resources via a Server-Side Request Forgery (SSRF) vulnerability.""}, {""lang"": ""es"", ""value"": ""Webhooks en Atlassian Bitbucket Server desde la versión 5.4.0 anterior a la versión 7.3.1, permiten a atacantes remotos acceder al contenido de los recursos de la red interna mediante una vulnerabilidad de tipo Server-Side Request Forgery (SSRF)""}]","[{""source"": ""nvd@nist.gov"", ""type"": ""Primary"", ""description"": [{""lang"": ""en"", ""value"": ""CWE-918""}]}]","[{""nodes"": [{""operator"": ""OR"", ""negate"": false, ""cpeMatch"": [{""vulnerable"": true, ""criteria"": ""cpe:2.3:a:atlassian:bitbucket:*:*:*:*:*:*:*:*"", ""versionStartIncluding"": ""5.4.0"", ""versionEndExcluding"": ""7.3.1"", ""matchCriteriaId"": ""99564E41-2060-461B-93B2-E51AFBE52970""}]}]}]","[{""url"": ""https://jira.atlassian.com/browse/BSERV-12433"", ""source"": ""security@atlassian.com"", ""tags"": [""Issue Tracking"", ""Vendor Advisory""]}, {""url"": ""https://jira.atlassian.com/browse/BSERV-12433"", ""source"": ""af854a3a-2127-422b-91ae-364da2661108"", ""tags"": [""Issue Tracking"", ""Vendor Advisory""]}]",[],"{""cvssMetricV31"": [{""source"": ""nvd@nist.gov"", ""type"": ""Primary"", ""cvssData"": {""version"": ""3.1"", ""vectorString"": ""CVSS:3.1/AV:N/AC:L/PR:L/UI:N/S:U/C:L/I:N/A:N"", ""baseScore"": 4.3, ""baseSeverity"": ""MEDIUM"", ""attackVector"": ""NETWORK"", ""attackComplexity"": ""LOW"", ""privilegesRequired"": ""LOW"", ""userInteraction"": ""NONE"", ""scope"": ""UNCHANGED"", ""confidentialityImpact"": ""LOW"", ""integrityImpact"": ""NONE"", ""availabilityImpact"": ""NONE""}, ""exploitabilityScore"": 2.8, ""impactScore"": 1.4}], ""cvssMetricV2"": [{""source"": ""nvd@nist.gov"", ""type"": ""Primary"", ""cvssData"": {""version"": ""2.0"", ""vectorString"": ""AV:N/AC:L/Au:S/C:P/I:N/A:N"", ""baseScore"": 4.0, ""accessVector"": ""NETWORK"", ""accessComplexity"": ""LOW"", ""authentication"": ""SINGLE"", ""confidentialityImpact"": ""PARTIAL"", ""integrityImpact"": ""NONE"", ""availabilityImpact"": ""NONE""}, ""baseSeverity"": ""MEDIUM"", ""exploitabilityScore"": 8.0, ""impactScore"": 2.9, ""acInsufInfo"": false, ""obtainAllPrivilege"": false, ""obtainUserPrivilege"": false, ""obtainOtherPrivilege"": false, ""userInteractionRequired"": false}]}"
CVE-2020-14171,security@atlassian.com,2020-07-09T18:15:10.850,2024-11-21T05:02:47.650,Modified,"[{""lang"": ""en"", ""value"": ""Atlassian Bitbucket Server from version 4.9.0 before version 7.2.4 allows remote attackers to intercept unencrypted repository import requests via a Man-in-the-Middle (MITM) attack.""}, {""lang"": ""es"", ""value"": ""Atlassian Bitbucket Server desde la versión 4.9.0 anterior a la versión 7.2.4, permite a atacantes remotos interceptar peticiones de importación de repositorios sin cifrar mediante un ataque Man-in-the-Middle (MITM)""}]","[{""source"": ""nvd@nist.gov"", ""type"": ""Primary"", ""description"": [{""lang"": ""en"", ""value"": ""CWE-319""}]}]","[{""nodes"": [{""operator"": ""OR"", ""negate"": false, ""cpeMatch"": [{""vulnerable"": true, ""criteria"": ""cpe:2.3:a:atlassian:bitbucket:*:*:*:*:*:*:*:*"", ""versionStartIncluding"": ""4.9.0"", ""versionEndExcluding"": ""7.2.4"", ""matchCriteriaId"": ""928164DF-4BFA-4103-92EB-E4EEC630485C""}]}]}]","[{""url"": ""https://jira.atlassian.com/browse/BSERV-12434"", ""source"": ""security@atlassian.com"", ""tags"": [""Issue Tracking"", ""Vendor Advisory""]}, {""url"": ""https://jira.atlassian.com/browse/BSERV-12434"", ""source"": ""af854a3a-2127-422b-91ae-364da2661108"", ""tags"": [""Issue Tracking"", ""Vendor Advisory""]}]",[],"{""cvssMetricV31"": [{""source"": ""nvd@nist.gov"", ""type"": ""Primary"", ""cvssData"": {""version"": ""3.1"", ""vectorString"": ""CVSS:3.1/AV:N/AC:H/PR:N/UI:N/S:U/C:H/I:L/A:N"", ""baseScore"": 6.5, ""baseSeverity"": ""MEDIUM"", ""attackVector"": ""NETWORK"", ""attackComplexity"": ""HIGH"", ""privilegesRequired"": ""NONE"", ""userInteraction"": ""NONE"", ""scope"": ""UNCHANGED"", ""confidentialityImpact"": ""HIGH"", ""integrityImpact"": ""LOW"", ""availabilityImpact"": ""NONE""}, ""exploitabilityScore"": 2.2, ""impactScore"": 4.2}], ""cvssMetricV2"": [{""source"": ""nvd@nist.gov"", ""type"": ""Primary"", ""cvssData"": {""version"": ""2.0"", ""vectorString"": ""AV:N/AC:M/Au:N/C:P/I:P/A:N"", ""baseScore"": 5.8, ""accessVector"": ""NETWORK"", ""accessComplexity"": ""MEDIUM"", ""authentication"": ""NONE"", ""confidentialityImpact"": ""PARTIAL"", ""integrityImpact"": ""PARTIAL"", ""availabilityImpact"": ""NONE""}, ""baseSeverity"": ""MEDIUM"", ""exploitabilityScore"": 8.6, ""impactScore"": 4.9, ""acInsufInfo"": false, ""obtainAllPrivilege"": false, ""obtainUserPrivilege"": false, ""obtainOtherPrivilege"": false, ""userInteractionRequired"": false}]}"
CVE-2020-36233,security@atlassian.com,2021-02-18T20:15:12.587,2024-11-21T05:29:06.803,Modified,"[{""lang"": ""en"", ""value"": ""The Microsoft Windows Installer for Atlassian Bitbucket Server and Data Center before version 6.10.9, 7.x before 7.6.4, and from version 7.7.0 before 7.10.1 allows local attackers to escalate privileges because of weak permissions on the installation directory.""}, {""lang"": ""es"", ""value"": ""El Microsoft Windows Installer para Atlassian Bitbucket Server y Data Center versiones anteriores a 6.10.9, versiones 7.x anteriores a 7.6.4 y desde versión 7.7.0 versiones anteriores a 7.10.1, permite a los atacantes locales escalar privilegios debido a permisos débiles en el directorio de instalación""}]","[{""source"": ""nvd@nist.gov"", ""type"": ""Primary"", ""description"": [{""lang"": ""en"", ""value"": ""CWE-276""}]}]","[{""operator"": ""AND"", ""nodes"": [{""operator"": ""OR"", ""negate"": false, ""cpeMatch"": [{""vulnerable"": true, ""criteria"": ""cpe:2.3:a:atlassian:bitbucket:*:*:*:*:*:*:*:*"", ""versionEndExcluding"": ""6.10.9"", ""matchCriteriaId"": ""8494F78A-D66A-406E-B395-9DB33C290A84""}, {""vulnerable"": true, ""criteria"": ""cpe:2.3:a:atlassian:bitbucket:*:*:*:*:*:*:*:*"", ""versionStartIncluding"": ""7.0.0"", ""versionEndExcluding"": ""7.6.4"", ""matchCriteriaId"": ""8E4BCCD6-7814-47FE-8294-AFA009FE2031""}, {""vulnerable"": true, ""criteria"": ""cpe:2.3:a:atlassian:bitbucket:*:*:*:*:*:*:*:*"", ""versionStartIncluding"": ""7.7.0"", ""versionEndExcluding"": ""7.10.1"", ""matchCriteriaId"": ""742F96A9-980E-463E-AB11-4347389DEC13""}]}, {""operator"": ""OR"", ""negate"": false, ""cpeMatch"": [{""vulnerable"": false, ""criteria"": ""cpe:2.3:o:microsoft:windows:-:*:*:*:*:*:*:*"", ""matchCriteriaId"": ""A2572D17-1DE6-457B-99CC-64AFD54487EA""}]}]}]","[{""url"": ""https://jira.atlassian.com/browse/BSERV-12753"", ""source"": ""security@atlassian.com"", ""tags"": [""Issue Tracking"", ""Vendor Advisory""]}, {""url"": ""https://www.kb.cert.org/vuls/id/240785"", ""source"": ""security@atlassian.com"", ""tags"": [""Third Party Advisory"", ""US Government Resource""]}, {""url"": ""https://jira.atlassian.com/browse/BSERV-12753"", ""source"": ""af854a3a-2127-422b-91ae-364da2661108"", ""tags"": [""Issue Tracking"", ""Vendor Advisory""]}, {""url"": ""https://www.kb.cert.org/vuls/id/240785"", ""source"": ""af854a3a-2127-422b-91ae-364da2661108"", ""tags"": [""Third Party Advisory"", ""US Government Resource""]}]",[],"{""cvssMetricV31"": [{""source"": ""nvd@nist.gov"", ""type"": ""Primary"", ""cvssData"": {""version"": ""3.1"", ""vectorString"": ""CVSS:3.1/AV:L/AC:L/PR:L/UI:N/S:U/C:H/I:H/A:H"", ""baseScore"": 7.8, ""baseSeverity"": ""HIGH"", ""attackVector"": ""LOCAL"", ""attackComplexity"": ""LOW"", ""privilegesRequired"": ""LOW"", ""userInteraction"": ""NONE"", ""scope"": ""UNCHANGED"", ""confidentialityImpact"": ""HIGH"", ""integrityImpact"": ""HIGH"", ""availabilityImpact"": ""HIGH""}, ""exploitabilityScore"": 1.8, ""impactScore"": 5.9}], ""cvssMetricV2"": [{""source"": ""nvd@nist.gov"", ""type"": ""Primary"", ""cvssData"": {""version"": ""2.0"", ""vectorString"": ""AV:L/AC:L/Au:N/C:P/I:P/A:P"", ""baseScore"": 4.6, ""accessVector"": ""LOCAL"", ""accessComplexity"": ""LOW"", ""authentication"": ""NONE"", ""confidentialityImpact"": ""PARTIAL"", ""integrityImpact"": ""PARTIAL"", ""availabilityImpact"": ""PARTIAL""}, ""baseSeverity"": ""MEDIUM"", ""exploitabilityScore"": 3.9, ""impactScore"": 6.4, ""acInsufInfo"": false, ""obtainAllPrivilege"": false, ""obtainUserPrivilege"": false, ""obtainOtherPrivilege"": false, ""userInteractionRequired"": false}]}"
CVE-2022-26133,security@atlassian.com,2022-04-20T19:15:08.157,2024-11-21T06:53:29.743,Modified,"[{""lang"": ""en"", ""value"": ""SharedSecretClusterAuthenticator in Atlassian Bitbucket Data Center versions 5.14.0 and later before 7.6.14, 7.7.0 and later prior to 7.17.6, 7.18.0 and later prior to 7.18.4, 7.19.0 and later prior to 7.19.4, and 7.20.0 allow a remote, unauthenticated attacker to execute arbitrary code via Java deserialization.""}, {""lang"": ""es"", ""value"": ""SharedSecretClusterAuthenticator en Atlassian Bitbucket Data Center versiones 5.14.0 y posteriores anteriores a 7.6.14, versiones 7.7.0 y posteriores anteriores a 7.17.6, versiones 7.18.0 y posteriores anteriores a 7.18.4, versiones 7.19.0 y posteriores anteriores a 7.19.4, y versión 7.20.0, permiten a un atacante remoto no autenticado ejecutar código arbitrario por medio de una deserialización de Java""}]","[{""source"": ""nvd@nist.gov"", ""type"": ""Primary"", ""description"": [{""lang"": ""en"", ""value"": ""CWE-502""}]}, {""source"": ""134c704f-9b21-4f2e-91b3-4a467353bcc0"", ""type"": ""Secondary"", ""description"": [{""lang"": ""en"", ""value"": ""CWE-502""}]}]","[{""nodes"": [{""operator"": ""OR"", ""negate"": false, ""cpeMatch"": [{""vulnerable"": true, ""criteria"": ""cpe:2.3:a:atlassian:bitbucket_data_center:*:*:*:*:*:*:*:*"", ""versionStartIncluding"": ""5.14.0"", ""versionEndExcluding"": ""7.6.14"", ""matchCriteriaId"": ""1E530A6D-88FB-4E3F-8C2D-03298F4D3DC8""}, {""vulnerable"": true, ""criteria"": ""cpe:2.3:a:atlassian:bitbucket_data_center:*:*:*:*:*:*:*:*"", ""versionStartIncluding"": ""7.7.0"", ""versionEndExcluding"": ""7.17.6"", ""matchCriteriaId"": ""C51DBE72-FBFC-49ED-B81D-A9BFD76FFDE1""}, {""vulnerable"": true, ""criteria"": ""cpe:2.3:a:atlassian:bitbucket_data_center:*:*:*:*:*:*:*:*"", ""versionStartIncluding"": ""7.18.0"", ""versionEndExcluding"": ""7.18.4"", ""matchCriteriaId"": ""05ACFD2B-BE5A-4D7A-831C-0E1AF803DCAD""}, {""vulnerable"": true, ""criteria"": ""cpe:2.3:a:atlassian:bitbucket_data_center:*:*:*:*:*:*:*:*"", ""versionStartIncluding"": ""7.19.0"", ""versionEndExcluding"": ""7.19.4"", ""matchCriteriaId"": ""16F97B63-963E-440E-A671-E87FBB658504""}, {""vulnerable"": true, ""criteria"": ""cpe:2.3:a:atlassian:bitbucket_data_center:7.20.0:*:*:*:*:*:*:*"", ""matchCriteriaId"": ""AF9D614F-F4C6-4AC5-88E1-A979A5DDE654""}]}]}]","[{""url"": ""https://confluence.atlassian.com/security/multiple-products-security-advisory-hazelcast-vulnerable-to-remote-code-execution-cve-2016-10750-1116292387.html"", ""source"": ""security@atlassian.com"", ""tags"": [""Patch"", ""Vendor Advisory""]}, {""url"": ""https://jira.atlassian.com/browse/BSERV-13173"", ""source"": ""security@atlassian.com"", ""tags"": [""Vendor Advisory""]}, {""url"": ""https://confluence.atlassian.com/security/multiple-products-security-advisory-hazelcast-vulnerable-to-remote-code-execution-cve-2016-10750-1116292387.html"", ""source"": ""af854a3a-2127-422b-91ae-364da2661108"", ""tags"": [""Patch"", ""Vendor Advisory""]}, {""url"": ""https://jira.atlassian.com/browse/BSERV-13173"", ""source"": ""af854a3a-2127-422b-91ae-364da2661108"", ""tags"": [""Vendor Advisory""]}]",[],"{""cvssMetricV31"": [{""source"": ""nvd@nist.gov"", ""type"": ""Primary"", ""cvssData"": {""version"": ""3.1"", ""vectorString"": ""CVSS:3.1/AV:N/AC:L/PR:N/UI:N/S:U/C:H/I:H/A:H"", ""baseScore"": 9.8, ""baseSeverity"": ""CRITICAL"", ""attackVector"": ""NETWORK"", ""attackComplexity"": ""LOW"", ""privilegesRequired"": ""NONE"", ""userInteraction"": ""NONE"", ""scope"": ""UNCHANGED"", ""confidentialityImpact"": ""HIGH"", ""integrityImpact"": ""HIGH"", ""availabilityImpact"": ""HIGH""}, ""exploitabilityScore"": 3.9, ""impactScore"": 5.9}, {""source"": ""134c704f-9b21-4f2e-91b3-4a467353bcc0"", ""type"": ""Secondary"", ""cvssData"": {""version"": ""3.1"", ""vectorString"": ""CVSS:3.1/AV:N/AC:L/PR:N/UI:N/S:U/C:H/I:H/A:H"", ""baseScore"": 9.8, ""baseSeverity"": ""CRITICAL"", ""attackVector"": ""NETWORK"", ""attackComplexity"": ""LOW"", ""privilegesRequired"": ""NONE"", ""userInteraction"": ""NONE"", ""scope"": ""UNCHANGED"", ""confidentialityImpact"": ""HIGH"", ""integrityImpact"": ""HIGH"", ""availabilityImpact"": ""HIGH""}, ""exploitabilityScore"": 3.9, ""impactScore"": 5.9}], ""cvssMetricV2"": [{""source"": ""nvd@nist.gov"", ""type"": ""Primary"", ""cvssData"": {""version"": ""2.0"", ""vectorString"": ""AV:N/AC:L/Au:N/C:P/I:P/A:P"", ""baseScore"": 7.5, ""accessVector"": ""NETWORK"", ""accessComplexity"": ""LOW"", ""authentication"": ""NONE"", ""confidentialityImpact"": ""PARTIAL"", ""integrityImpact"": ""PARTIAL"", ""availabilityImpact"": ""PARTIAL""}, ""baseSeverity"": ""HIGH"", ""exploitabilityScore"": 10.0, ""impactScore"": 6.4, ""acInsufInfo"": false, ""obtainAllPrivilege"": false, ""obtainUserPrivilege"": false, ""obtainOtherPrivilege"": false, ""userInteractionRequired"": false}]}"
CVE-2022-26136,security@atlassian.com,2022-07-20T18:15:08.487,2024-11-21T06:53:30.297,Modified,"[{""lang"": ""en"", ""value"": ""A vulnerability in multiple Atlassian products allows a remote, unauthenticated attacker to bypass Servlet Filters used by first and third party apps. The impact depends on which filters are used by each app, and how the filters are used. This vulnerability can result in authentication bypass and cross-site scripting. Atlassian has released updates that fix the root cause of this vulnerability, but has not exhaustively enumerated all potential consequences of this vulnerability. Atlassian Bamboo versions are affected before 8.0.9, from 8.1.0 before 8.1.8, and from 8.2.0 before 8.2.4. Atlassian Bitbucket versions are affected before 7.6.16, from 7.7.0 before 7.17.8, from 7.18.0 before 7.19.5, from 7.20.0 before 7.20.2, from 7.21.0 before 7.21.2, and versions 8.0.0 and 8.1.0. Atlassian Confluence versions are affected before 7.4.17, from 7.5.0 before 7.13.7, from 7.14.0 before 7.14.3, from 7.15.0 before 7.15.2, from 7.16.0 before 7.16.4, from 7.17.0 before 7.17.4, and version 7.21.0. Atlassian Crowd versions are affected before 4.3.8, from 4.4.0 before 4.4.2, and version 5.0.0. Atlassian Fisheye and Crucible versions before 4.8.10 are affected. Atlassian Jira versions are affected before 8.13.22, from 8.14.0 before 8.20.10, and from 8.21.0 before 8.22.4. Atlassian Jira Service Management versions are affected before 4.13.22, from 4.14.0 before 4.20.10, and from 4.21.0 before 4.22.4.""}, {""lang"": ""es"", ""value"": ""Una vulnerabilidad en varios productos de Atlassian permite a un atacante remoto no autenticado omitir los filtros Servlet usados por aplicaciones de primera y tercera parte. El impacto depende de los filtros usados por cada aplicación y de cómo son usados los filtros. Esta vulnerabilidad puede resultar en una omisión de la autenticación y un ataque de tipo cross-site scripting. Atlassian ha publicado actualizaciones que corrigen la causa principal de esta vulnerabilidad, pero no ha enumerado exhaustivamente todas las consecuencias potenciales de esta vulnerabilidad. Están afectadas las versiones de Atlassian Bamboo anteriores a 8.0.9, desde 8.1.0 hasta  8.1.8, y desde la 8.2.0 hasta 8.2.4. Las versiones de Atlassian Bitbucket están afectadas anteriores a 7.6.16, desde la 7.7.0 anteriores a 7.17.8, desde la 7.18.0 anteriores a 7.19.5, desde la 7.20.0 anteriores a 7.20.2, desde la 7.21.0 anteriores a 7.21.2, y las versiones 8.0.0 y 8.1.0. Están afectadas las versiones de Atlassian Confluence anteriores a 7.4.17, desde la 7.5.0 anteriores a 7.13.7, desde la 7.14.0 anteriores a 7.14.3, desde la 7.15.0 anteriores a 7.15.2, desde la 7.16.0 anteriores a 7.16.4, desde la 7.17.0 anteriores a 7.17.4 y la versión 7.21.0. Están afectadas las versiones de Atlassian Crowd anteriores a 4.3.8, desde la 4.4.0 hasta 4.4.2, y la versión 5.0.0. Están afectadas las versiones de Atlassian Fisheye y Crucible anteriores a 4.8.10. Están afectadas las versiones de Atlassian Jira anteriores a 8.13.22, desde la 8.14.0 hasta 8.20.10, y desde la 8.21.0 hasta 8.22.4. Las versiones de Atlassian Jira Service Management están afectadas anteriores a 4.13.22, desde la 4.14.0 anteriores a 4.20.10, y desde la 4.21.0 anteriores a 4.22.4""}]","[{""source"": ""security@atlassian.com"", ""type"": ""Secondary"", ""description"": [{""lang"": ""en"", ""value"": ""CWE-180""}]}, {""source"": ""nvd@nist.gov"", ""type"": ""Primary"", ""description"": [{""lang"": ""en"", ""value"": ""CWE-287""}]}]","[{""nodes"": [{""operator"": ""OR"", ""negate"": false, ""cpeMatch"": [{""vulnerable"": true, ""criteria"": ""cpe:2.3:a:atlassian:bamboo:*:*:*:*:*:*:*:*"", ""versionStartIncluding"": ""7.2.0"", ""versionEndExcluding"": ""7.2.10"", ""matchCriteriaId"": ""218C960A-04C6-4242-BEBA-C81CF5F1F722""}, {""vulnerable"": true, ""criteria"": ""cpe:2.3:a:atlassian:bamboo:*:*:*:*:*:*:*:*"", ""versionStartIncluding"": ""8.0.0"", ""versionEndExcluding"": ""8.0.9"", ""matchCriteriaId"": ""E360CDE0-FD1E-4337-8268-DB89CF605EE0""}, {""vulnerable"": true, ""criteria"": ""cpe:2.3:a:atlassian:bamboo:*:*:*:*:*:*:*:*"", ""versionStartIncluding"": ""8.1.0"", ""versionEndExcluding"": ""8.1.8"", ""matchCriteriaId"": ""C0913EE0-2046-4E7E-966D-DC894E34D12B""}, {""vulnerable"": true, ""criteria"": ""cpe:2.3:a:atlassian:bamboo:*:*:*:*:*:*:*:*"", ""versionStartIncluding"": ""8.2.0"", ""versionEndExcluding"": ""8.2.4"", ""matchCriteriaId"": ""D182C1B1-A5FF-4777-9835-4E9114BB68DC""}, {""vulnerable"": true, ""criteria"": ""cpe:2.3:a:atlassian:bitbucket:*:*:*:*:*:*:*:*"", ""versionEndExcluding"": ""7.6.16"", ""matchCriteriaId"": ""4DCD53E4-3169-4E8A-88D1-38BE51D09DD3""}, {""vulnerable"": true, ""criteria"": ""cpe:2.3:a:atlassian:bitbucket:*:*:*:*:*:*:*:*"", ""versionStartIncluding"": ""7.7.0"", ""versionEndExcluding"": ""7.17.8"", ""matchCriteriaId"": ""9B878E40-95A7-40A7-9C52-6BC0C2FD3F54""}, {""vulnerable"": true, ""criteria"": ""cpe:2.3:a:atlassian:bitbucket:*:*:*:*:*:*:*:*"", ""versionStartIncluding"": ""7.18.0"", ""versionEndExcluding"": ""7.19.5"", ""matchCriteriaId"": ""46305D5A-7F7B-4A04-9DAD-E582D1193A7E""}, {""vulnerable"": true, ""criteria"": ""cpe:2.3:a:atlassian:bitbucket:*:*:*:*:*:*:*:*"", ""versionStartIncluding"": ""7.20.0"", ""versionEndExcluding"": ""7.20.2"", ""matchCriteriaId"": ""A96B135B-9272-457E-A557-6566554262D3""}, {""vulnerable"": true, ""criteria"": ""cpe:2.3:a:atlassian:bitbucket:*:*:*:*:*:*:*:*"", ""versionStartIncluding"": ""7.21.0"", ""versionEndExcluding"": ""7.21.2"", ""matchCriteriaId"": ""62956861-BEDE-40C8-B628-C831087E7BDB""}, {""vulnerable"": true, ""criteria"": ""cpe:2.3:a:atlassian:bitbucket:8.0.0:*:*:*:*:*:*:*"", ""matchCriteriaId"": ""7A85565F-3F80-4E00-A706-AB4B2EAA4AFB""}, {""vulnerable"": true, ""criteria"": ""cpe:2.3:a:atlassian:bitbucket:8.1.0:*:*:*:*:*:*:*"", ""matchCriteriaId"": ""99E2E3C0-CDF0-4D79-80A6-85E71B947ED9""}, {""vulnerable"": true, ""criteria"": ""cpe:2.3:a:atlassian:confluence_data_center:*:*:*:*:*:*:*:*"", ""versionEndExcluding"": ""7.4.17"", ""matchCriteriaId"": ""1C543CA6-8E8A-476C-AB27-614DF4EC68A5""}, {""vulnerable"": true, ""criteria"": ""cpe:2.3:a:atlassian:confluence_data_center:*:*:*:*:*:*:*:*"", ""versionStartIncluding"": ""7.5.0"", ""versionEndExcluding"": ""7.13.7"", ""matchCriteriaId"": ""45FD913B-45DE-4CA8-9733-D62F54B19E74""}, {""vulnerable"": true, ""criteria"": ""cpe:2.3:a:atlassian:confluence_data_center:*:*:*:*:*:*:*:*"", ""versionStartIncluding"": ""7.14.0"", ""versionEndExcluding"": ""7.14.3"", ""matchCriteriaId"": ""12E753EB-0D31-448B-B8DE-0A95434CC97C""}, {""vulnerable"": true, ""criteria"": ""cpe:2.3:a:atlassian:confluence_data_center:*:*:*:*:*:*:*:*"", ""versionStartIncluding"": ""7.15.0"", ""versionEndExcluding"": ""7.15.2"", ""matchCriteriaId"": ""DE114494-74F0-454C-AAC4-8B8E5F1C67D0""}, {""vulnerable"": true, ""criteria"": ""cpe:2.3:a:atlassian:confluence_data_center:*:*:*:*:*:*:*:*"", ""versionStartIncluding"": ""7.16.0"", ""versionEndExcluding"": ""7.16.4"", ""matchCriteriaId"": ""90BB3572-29ED-415F-AD34-00EB76271F9C""}, {""vulnerable"": true, ""criteria"": ""cpe:2.3:a:atlassian:confluence_data_center:*:*:*:*:*:*:*:*"", ""versionStartIncluding"": ""7.17.0"", ""versionEndExcluding"": ""7.17.4"", ""matchCriteriaId"": ""30EF756A-B4E9-4E5D-BE6F-02CE95F12C9C""}, {""vulnerable"": true, ""criteria"": ""cpe:2.3:a:atlassian:confluence_data_center:7.18.0:*:*:*:*:*:*:*"", ""matchCriteriaId"": ""A56B6A10-E23F-49EF-8C07-1AEDFCAE2788""}, {""vulnerable"": true, ""criteria"": ""cpe:2.3:a:atlassian:confluence_server:*:*:*:*:*:*:*:*"", ""versionEndExcluding"": ""7.4.17"", ""matchCriteriaId"": ""AE8BE634-1599-4790-9410-6CA43BC60C4D""}, {""vulnerable"": true, ""criteria"": ""cpe:2.3:a:atlassian:confluence_server:*:*:*:*:*:*:*:*"", ""versionStartIncluding"": ""7.5.0"", ""versionEndExcluding"": ""7.13.7"", ""matchCriteriaId"": ""52E68DFD-48F5-4949-AFEA-3829CA5DFC04""}, {""vulnerable"": true, ""criteria"": ""cpe:2.3:a:atlassian:confluence_server:*:*:*:*:*:*:*:*"", ""versionStartIncluding"": ""7.14.0"", ""versionEndExcluding"": ""7.14.3"", ""matchCriteriaId"": ""5DCDEC6C-4515-4CAA-9D82-7BF68A3AAE7E""}, {""vulnerable"": true, ""criteria"": ""cpe:2.3:a:atlassian:confluence_server:*:*:*:*:*:*:*:*"", ""versionStartIncluding"": ""7.15.0"", ""versionEndExcluding"": ""7.15.2"", ""matchCriteriaId"": ""B9948F94-DF67-4E3C-8CD4-417D57FBC60F""}, {""vulnerable"": true, ""criteria"": ""cpe:2.3:a:atlassian:confluence_server:*:*:*:*:*:*:*:*"", ""versionStartIncluding"": ""7.16.0"", ""versionEndExcluding"": ""7.16.4"", ""matchCriteriaId"": ""30E63ECB-85A8-4D41-A9B5-9FFF18D9CDB1""}, {""vulnerable"": true, ""criteria"": ""cpe:2.3:a:atlassian:confluence_server:*:*:*:*:*:*:*:*"", ""versionStartIncluding"": ""7.17.0"", ""versionEndExcluding"": ""7.17.4"", ""matchCriteriaId"": ""694171BD-FAE2-472C-8183-04BCA2F7B9A7""}, {""vulnerable"": true, ""criteria"": ""cpe:2.3:a:atlassian:confluence_server:7.18.0:*:*:*:*:*:*:*"", ""matchCriteriaId"": ""0AC5E81B-DA4B-45E7-9584-4B576E49FD8B""}, {""vulnerable"": true, ""criteria"": ""cpe:2.3:a:atlassian:crowd:*:*:*:*:*:*:*:*"", ""versionEndExcluding"": ""4.3.8"", ""matchCriteriaId"": ""EE028964-B3FC-4883-9967-68DE46EE7F6F""}, {""vulnerable"": true, ""criteria"": ""cpe:2.3:a:atlassian:crowd:*:*:*:*:*:*:*:*"", ""versionStartIncluding"": ""4.4.0"", ""versionEndExcluding"": ""4.4.2"", ""matchCriteriaId"": ""57DC9E2A-4C89-420D-9330-F11E56BF2F83""}, {""vulnerable"": true, ""criteria"": ""cpe:2.3:a:atlassian:crowd:5.0.0:*:*:*:*:*:*:*"", ""matchCriteriaId"": ""C50A718F-C67B-4462-BB7E-F80408DEF07D""}, {""vulnerable"": true, ""criteria"": ""cpe:2.3:a:atlassian:crucible:*:*:*:*:*:*:*:*"", ""versionEndExcluding"": ""4.8.10"", ""matchCriteriaId"": ""92329A2E-13E8-4818-85AB-3E7F479411EF""}, {""vulnerable"": true, ""criteria"": ""cpe:2.3:a:atlassian:fisheye:*:*:*:*:*:*:*:*"", ""versionEndExcluding"": ""4.8.10"", ""matchCriteriaId"": ""30DDE751-CA88-4CFB-9E60-4243851B4B53""}, {""vulnerable"": true, ""criteria"": ""cpe:2.3:a:atlassian:jira_data_center:*:*:*:*:*:*:*:*"", ""versionStartIncluding"": ""8.13.0"", ""versionEndExcluding"": ""8.13.22"", ""matchCriteriaId"": ""D91B8507-A7A7-4B74-9999-F1DEA9F487A9""}, {""vulnerable"": true, ""criteria"": ""cpe:2.3:a:atlassian:jira_data_center:*:*:*:*:*:*:*:*"", ""versionStartIncluding"": ""8.14.0"", ""versionEndExcluding"": ""8.20.10"", ""matchCriteriaId"": ""963AE427-2897-42CB-AE11-654D700E690B""}, {""vulnerable"": true, ""criteria"": ""cpe:2.3:a:atlassian:jira_data_center:*:*:*:*:*:*:*:*"", ""versionStartIncluding"": ""8.21.0"", ""versionEndExcluding"": ""8.22.4"", ""matchCriteriaId"": ""A7CD8891-BB97-4AD3-BEE4-6CCA0D8A2D85""}, {""vulnerable"": true, ""criteria"": ""cpe:2.3:a:atlassian:jira_server:*:*:*:*:*:*:*:*"", ""versionStartIncluding"": ""8.13.0"", ""versionEndExcluding"": ""8.13.22"", ""matchCriteriaId"": ""E73A5202-6114-48E6-8F9B-C03B2E707055""}, {""vulnerable"": true, ""criteria"": ""cpe:2.3:a:atlassian:jira_server:*:*:*:*:*:*:*:*"", ""versionStartIncluding"": ""8.14.0"", ""versionEndExcluding"": ""8.20.10"", ""matchCriteriaId"": ""D22AB11D-1D73-45DC-803C-146EFED18CDA""}, {""vulnerable"": true, ""criteria"": ""cpe:2.3:a:atlassian:jira_server:*:*:*:*:*:*:*:*"", ""versionStartIncluding"": ""8.21.0"", ""versionEndExcluding"": ""8.22.4"", ""matchCriteriaId"": ""BB2091E9-0B14-4786-852F-454C56D20839""}, {""vulnerable"": true, ""criteria"": ""cpe:2.3:a:atlassian:jira_service_desk:*:*:*:*:data_center:*:*:*"", ""versionEndExcluding"": ""4.13.22"", ""matchCriteriaId"": ""1451C219-8AAA-4165-AE2C-033EF7B6F93A""}, {""vulnerable"": true, ""criteria"": ""cpe:2.3:a:atlassian:jira_service_desk:*:*:*:*:server:*:*:*"", ""versionEndExcluding"": ""4.13.22"", ""matchCriteriaId"": ""BD23F987-0F14-4938-BB51-4EE61C24EB62""}, {""vulnerable"": true, ""criteria"": ""cpe:2.3:a:atlassian:jira_service_management:*:*:*:*:data_center:*:*:*"", ""versionStartIncluding"": ""4.14.0"", ""versionEndExcluding"": ""4.20.10"", ""matchCriteriaId"": ""39F77953-41D7-4398-9F07-2A057A993762""}, {""vulnerable"": true, ""criteria"": ""cpe:2.3:a:atlassian:jira_service_management:*:*:*:*:server:*:*:*"", ""versionStartIncluding"": ""4.14.0"", ""versionEndExcluding"": ""4.20.10"", ""matchCriteriaId"": ""CADBE0E7-36D9-4F6F-BEE6-A1E0B9428C2A""}, {""vulnerable"": true, ""criteria"": ""cpe:2.3:a:atlassian:jira_service_management:*:*:*:*:data_center:*:*:*"", ""versionStartIncluding"": ""4.21.0"", ""versionEndExcluding"": ""4.22.4"", ""matchCriteriaId"": ""DC0DB08B-2034-4691-A7B2-3E5F8B6318B1""}, {""vulnerable"": true, ""criteria"": ""cpe:2.3:a:atlassian:jira_service_management:*:*:*:*:server:*:*:*"", ""versionStartIncluding"": ""4.21.0"", ""versionEndExcluding"": ""4.22.4"", ""matchCriteriaId"": ""97A17BE7-7CCC-46D8-A317-53E2B026DF6E""}]}]}]","[{""url"": ""https://jira.atlassian.com/browse/BAM-21795"", ""source"": ""security@atlassian.com"", ""tags"": [""Issue Tracking"", ""Patch"", ""Vendor Advisory""]}, {""url"": ""https://jira.atlassian.com/browse/BSERV-13370"", ""source"": ""security@atlassian.com"", ""tags"": [""Issue Tracking"", ""Patch"", ""Vendor Advisory""]}, {""url"": ""https://jira.atlassian.com/browse/CONFSERVER-79476"", ""source"": ""security@atlassian.com"", ""tags"": [""Issue Tracking"", ""Patch"", ""Vendor Advisory""]}, {""url"": ""https://jira.atlassian.com/browse/CRUC-8541"", ""source"": ""security@atlassian.com"", ""tags"": [""Issue Tracking"", ""Patch"", ""Vendor Advisory""]}, {""url"": ""https://jira.atlassian.com/browse/CWD-5815"", ""source"": ""security@atlassian.com"", ""tags"": [""Issue Tracking"", ""Patch"", ""Vendor Advisory""]}, {""url"": ""https://jira.atlassian.com/browse/FE-7410"", ""source"": ""security@atlassian.com"", ""tags"": [""Issue Tracking"", ""Patch"", ""Vendor Advisory""]}, {""url"": ""https://jira.atlassian.com/browse/JRASERVER-73897"", ""source"": ""security@atlassian.com"", ""tags"": [""Issue Tracking"", ""Patch"", ""Vendor Advisory""]}, {""url"": ""https://jira.atlassian.com/browse/JSDSERVER-11863"", ""source"": ""security@atlassian.com"", ""tags"": [""Issue Tracking"", ""Patch"", ""Vendor Advisory""]}, {""url"": ""https://jira.atlassian.com/browse/BAM-21795"", ""source"": ""af854a3a-2127-422b-91ae-364da2661108"", ""tags"": [""Issue Tracking"", ""Patch"", ""Vendor Advisory""]}, {""url"": ""https://jira.atlassian.com/browse/BSERV-13370"", ""source"": ""af854a3a-2127-422b-91ae-364da2661108"", ""tags"": [""Issue Tracking"", ""Patch"", ""Vendor Advisory""]}, {""url"": ""https://jira.atlassian.com/browse/CONFSERVER-79476"", ""source"": ""af854a3a-2127-422b-91ae-364da2661108"", ""tags"": [""Issue Tracking"", ""Patch"", ""Vendor Advisory""]}, {""url"": ""https://jira.atlassian.com/browse/CRUC-8541"", ""source"": ""af854a3a-2127-422b-91ae-364da2661108"", ""tags"": [""Issue Tracking"", ""Patch"", ""Vendor Advisory""]}, {""url"": ""https://jira.atlassian.com/browse/CWD-5815"", ""source"": ""af854a3a-2127-422b-91ae-364da2661108"", ""tags"": [""Issue Tracking"", ""Patch"", ""Vendor Advisory""]}, {""url"": ""https://jira.atlassian.com/browse/FE-7410"", ""source"": ""af854a3a-2127-422b-91ae-364da2661108"", ""tags"": [""Issue Tracking"", ""Patch"", ""Vendor Advisory""]}, {""url"": ""https://jira.atlassian.com/browse/JRASERVER-73897"", ""source"": ""af854a3a-2127-422b-91ae-364da2661108"", ""tags"": [""Issue Tracking"", ""Patch"", ""Vendor Advisory""]}, {""url"": ""https://jira.atlassian.com/browse/JSDSERVER-11863"", ""source"": ""af854a3a-2127-422b-91ae-364da2661108"", ""tags"": [""Issue Tracking"", ""Patch"", ""Vendor Advisory""]}]",[],"{""cvssMetricV31"": [{""source"": ""nvd@nist.gov"", ""type"": ""Primary"", ""cvssData"": {""version"": ""3.1"", ""vectorString"": ""CVSS:3.1/AV:N/AC:L/PR:N/UI:N/S:U/C:H/I:H/A:H"", ""baseScore"": 9.8, ""baseSeverity"": ""CRITICAL"", ""attackVector"": ""NETWORK"", ""attackComplexity"": ""LOW"", ""privilegesRequired"": ""NONE"", ""userInteraction"": ""NONE"", ""scope"": ""UNCHANGED"", ""confidentialityImpact"": ""HIGH"", ""integrityImpact"": ""HIGH"", ""availabilityImpact"": ""HIGH""}, ""exploitabilityScore"": 3.9, ""impactScore"": 5.9}, {""source"": ""134c704f-9b21-4f2e-91b3-4a467353bcc0"", ""type"": ""Secondary"", ""cvssData"": {""version"": ""3.1"", ""vectorString"": ""CVSS:3.1/AV:N/AC:L/PR:N/UI:N/S:U/C:H/I:H/A:H"", ""baseScore"": 9.8, ""baseSeverity"": ""CRITICAL"", ""attackVector"": ""NETWORK"", ""attackComplexity"": ""LOW"", ""privilegesRequired"": ""NONE"", ""userInteraction"": ""NONE"", ""scope"": ""UNCHANGED"", ""confidentialityImpact"": ""HIGH"", ""integrityImpact"": ""HIGH"", ""availabilityImpact"": ""HIGH""}, ""exploitabilityScore"": 3.9, ""impactScore"": 5.9}]}"
CVE-2022-26137,security@atlassian.com,2022-07-20T18:15:08.557,2024-11-21T06:53:30.583,Modified,"[{""lang"": ""en"", ""value"": ""A vulnerability in multiple Atlassian products allows a remote, unauthenticated attacker to cause additional Servlet Filters to be invoked when the application processes requests or responses. Atlassian has confirmed and fixed the only known security issue associated with this vulnerability: Cross-origin resource sharing (CORS) bypass. Sending a specially crafted HTTP request can invoke the Servlet Filter used to respond to CORS requests, resulting in a CORS bypass. An attacker that can trick a user into requesting a malicious URL can access the vulnerable application with the victim’s permissions. Atlassian Bamboo versions are affected before 8.0.9, from 8.1.0 before 8.1.8, and from 8.2.0 before 8.2.4. Atlassian Bitbucket versions are affected before 7.6.16, from 7.7.0 before 7.17.8, from 7.18.0 before 7.19.5, from 7.20.0 before 7.20.2, from 7.21.0 before 7.21.2, and versions 8.0.0 and 8.1.0. Atlassian Confluence versions are affected before 7.4.17, from 7.5.0 before 7.13.7, from 7.14.0 before 7.14.3, from 7.15.0 before 7.15.2, from 7.16.0 before 7.16.4, from 7.17.0 before 7.17.4, and version 7.21.0. Atlassian Crowd versions are affected before 4.3.8, from 4.4.0 before 4.4.2, and version 5.0.0. Atlassian Fisheye and Crucible versions before 4.8.10 are affected. Atlassian Jira versions are affected before 8.13.22, from 8.14.0 before 8.20.10, and from 8.21.0 before 8.22.4. Atlassian Jira Service Management versions are affected before 4.13.22, from 4.14.0 before 4.20.10, and from 4.21.0 before 4.22.4.""}, {""lang"": ""es"", ""value"": ""Una vulnerabilidad en diversos productos de Atlassian permite a un atacante remoto no autenticado causar que sean invocados Filtros Servlet adicionales cuando la aplicación procesa peticiones o respuestas. Atlassian ha confirmado y corregido el único problema de seguridad conocido asociado a esta vulnerabilidad: Omisión de recursos de origen cruzado (CORS). El envío de una petición HTTP especialmente diseñada puede invocar el filtro Servlet usado para responder a las peticiones CORS, resultando en una omisión de CORS. Un atacante que pueda engañar a un usuario para que solicite una URL maliciosa puede acceder a la aplicación vulnerable con los permisos de la víctima. Están afectadas las versiones de Atlassian Bamboo anteriores a 8.0.9, desde la 8.1.0 anteriores a 8.1.8 y de la 8.2.0 anteriores a 8.2.4. Las versiones de Atlassian Bitbucket están afectadas anteriores a 7.6.16, desde la 7.7.0 anteriores a 7.17.8, desde la 7.18.0 anteriores a 7.19.5, desde la 7.20.0 anteriores a 7.20.2, desde la 7.21.0 anteriores a 7.21.2, y las versiones 8.0.0 y 8.1.0. Están afectadas las versiones de Atlassian Confluence anteriores a 7.4.17, desde la 7.5.0 anteriores a 7.13.7, desde la 7.14.0 anteriores a 7.14.3, desde la 7.15.0 anteriores a 7.15.2, desde la 7.16.0 anteriores a 7.16.4, desde la 7.17.0 anteriores a 7.17.4 y la versión 7.21.0. Están afectadas las versiones de Atlassian Crowd anteriores a 4.3.8, desde la 4.4.0 hasta 4.4.2, y la versión 5.0.0. Están afectadas las versiones de Atlassian Fisheye y Crucible anteriores a 4.8.10. Están afectadas las versiones de Atlassian Jira anteriores a 8.13.22, desde la 8.14.0 hasta 8.20.10, y desde la 8.21.0 hasta 8.22.4. Las versiones de Atlassian Jira Service Management están afectadas anteriores a 4.13.22, desde la 4.14.0 anteriores a 4.20.10, y desde la 4.21.0 anteriores a 4.22.4""}]","[{""source"": ""security@atlassian.com"", ""type"": ""Secondary"", ""description"": [{""lang"": ""en"", ""value"": ""CWE-180""}]}, {""source"": ""nvd@nist.gov"", ""type"": ""Primary"", ""description"": [{""lang"": ""en"", ""value"": ""CWE-346""}]}]","[{""nodes"": [{""operator"": ""OR"", ""negate"": false, ""cpeMatch"": [{""vulnerable"": true, ""criteria"": ""cpe:2.3:a:atlassian:bamboo:*:*:*:*:*:*:*:*"", ""versionStartIncluding"": ""7.2.0"", ""versionEndExcluding"": ""7.2.10"", ""matchCriteriaId"": ""218C960A-04C6-4242-BEBA-C81CF5F1F722""}, {""vulnerable"": true, ""criteria"": ""cpe:2.3:a:atlassian:bamboo:*:*:*:*:*:*:*:*"", ""versionStartIncluding"": ""8.0.0"", ""versionEndExcluding"": ""8.0.9"", ""matchCriteriaId"": ""E360CDE0-FD1E-4337-8268-DB89CF605EE0""}, {""vulnerable"": true, ""criteria"": ""cpe:2.3:a:atlassian:bamboo:*:*:*:*:*:*:*:*"", ""versionStartIncluding"": ""8.1.0"", ""versionEndExcluding"": ""8.1.8"", ""matchCriteriaId"": ""C0913EE0-2046-4E7E-966D-DC894E34D12B""}, {""vulnerable"": true, ""criteria"": ""cpe:2.3:a:atlassian:bamboo:*:*:*:*:*:*:*:*"", ""versionStartIncluding"": ""8.2.0"", ""versionEndExcluding"": ""8.2.4"", ""matchCriteriaId"": ""D182C1B1-A5FF-4777-9835-4E9114BB68DC""}, {""vulnerable"": true, ""criteria"": ""cpe:2.3:a:atlassian:bitbucket:*:*:*:*:*:*:*:*"", ""versionEndExcluding"": ""7.6.16"", ""matchCriteriaId"": ""4DCD53E4-3169-4E8A-88D1-38BE51D09DD3""}, {""vulnerable"": true, ""criteria"": ""cpe:2.3:a:atlassian:bitbucket:*:*:*:*:*:*:*:*"", ""versionStartIncluding"": ""7.7.0"", ""versionEndExcluding"": ""7.17.8"", ""matchCriteriaId"": ""9B878E40-95A7-40A7-9C52-6BC0C2FD3F54""}, {""vulnerable"": true, ""criteria"": ""cpe:2.3:a:atlassian:bitbucket:*:*:*:*:*:*:*:*"", ""versionStartIncluding"": ""7.18.0"", ""versionEndExcluding"": ""7.19.5"", ""matchCriteriaId"": ""46305D5A-7F7B-4A04-9DAD-E582D1193A7E""}, {""vulnerable"": true, ""criteria"": ""cpe:2.3:a:atlassian:bitbucket:*:*:*:*:*:*:*:*"", ""versionStartIncluding"": ""7.20.0"", ""versionEndExcluding"": ""7.20.2"", ""matchCriteriaId"": ""A96B135B-9272-457E-A557-6566554262D3""}, {""vulnerable"": true, ""criteria"": ""cpe:2.3:a:atlassian:bitbucket:*:*:*:*:*:*:*:*"", ""versionStartIncluding"": ""7.21.0"", ""versionEndExcluding"": ""7.21.2"", ""matchCriteriaId"": ""62956861-BEDE-40C8-B628-C831087E7BDB""}, {""vulnerable"": true, ""criteria"": ""cpe:2.3:a:atlassian:bitbucket:8.0.0:*:*:*:*:*:*:*"", ""matchCriteriaId"": ""7A85565F-3F80-4E00-A706-AB4B2EAA4AFB""}, {""vulnerable"": true, ""criteria"": ""cpe:2.3:a:atlassian:bitbucket:8.1.0:*:*:*:*:*:*:*"", ""matchCriteriaId"": ""99E2E3C0-CDF0-4D79-80A6-85E71B947ED9""}, {""vulnerable"": true, ""criteria"": ""cpe:2.3:a:atlassian:confluence_data_center:*:*:*:*:*:*:*:*"", ""versionEndExcluding"": ""7.4.17"", ""matchCriteriaId"": ""1C543CA6-8E8A-476C-AB27-614DF4EC68A5""}, {""vulnerable"": true, ""criteria"": ""cpe:2.3:a:atlassian:confluence_data_center:*:*:*:*:*:*:*:*"", ""versionStartIncluding"": ""7.5.0"", ""versionEndExcluding"": ""7.13.7"", ""matchCriteriaId"": ""45FD913B-45DE-4CA8-9733-D62F54B19E74""}, {""vulnerable"": true, ""criteria"": ""cpe:2.3:a:atlassian:confluence_data_center:*:*:*:*:*:*:*:*"", ""versionStartIncluding"": ""7.14.0"", ""versionEndExcluding"": ""7.14.3"", ""matchCriteriaId"": ""12E753EB-0D31-448B-B8DE-0A95434CC97C""}, {""vulnerable"": true, ""criteria"": ""cpe:2.3:a:atlassian:confluence_data_center:*:*:*:*:*:*:*:*"", ""versionStartIncluding"": ""7.15.0"", ""versionEndExcluding"": ""7.15.2"", ""matchCriteriaId"": ""DE114494-74F0-454C-AAC4-8B8E5F1C67D0""}, {""vulnerable"": true, ""criteria"": ""cpe:2.3:a:atlassian:confluence_data_center:*:*:*:*:*:*:*:*"", ""versionStartIncluding"": ""7.16.0"", ""versionEndExcluding"": ""7.16.4"", ""matchCriteriaId"": ""90BB3572-29ED-415F-AD34-00EB76271F9C""}, {""vulnerable"": true, ""criteria"": ""cpe:2.3:a:atlassian:confluence_data_center:*:*:*:*:*:*:*:*"", ""versionStartIncluding"": ""7.17.0"", ""versionEndExcluding"": ""7.17.4"", ""matchCriteriaId"": ""30EF756A-B4E9-4E5D-BE6F-02CE95F12C9C""}, {""vulnerable"": true, ""criteria"": ""cpe:2.3:a:atlassian:confluence_data_center:7.18.0:*:*:*:*:*:*:*"", ""matchCriteriaId"": ""A56B6A10-E23F-49EF-8C07-1AEDFCAE2788""}, {""vulnerable"": true, ""criteria"": ""cpe:2.3:a:atlassian:confluence_server:*:*:*:*:*:*:*:*"", ""versionEndExcluding"": ""7.4.17"", ""matchCriteriaId"": ""AE8BE634-1599-4790-9410-6CA43BC60C4D""}, {""vulnerable"": true, ""criteria"": ""cpe:2.3:a:atlassian:confluence_server:*:*:*:*:*:*:*:*"", ""versionStartIncluding"": ""7.5.0"", ""versionEndExcluding"": ""7.13.7"", ""matchCriteriaId"": ""52E68DFD-48F5-4949-AFEA-3829CA5DFC04""}, {""vulnerable"": true, ""criteria"": ""cpe:2.3:a:atlassian:confluence_server:*:*:*:*:*:*:*:*"", ""versionStartIncluding"": ""7.14.0"", ""versionEndExcluding"": ""7.14.3"", ""matchCriteriaId"": ""5DCDEC6C-4515-4CAA-9D82-7BF68A3AAE7E""}, {""vulnerable"": true, ""criteria"": ""cpe:2.3:a:atlassian:confluence_server:*:*:*:*:*:*:*:*"", ""versionStartIncluding"": ""7.15.0"", ""versionEndExcluding"": ""7.15.2"", ""matchCriteriaId"": ""B9948F94-DF67-4E3C-8CD4-417D57FBC60F""}, {""vulnerable"": true, ""criteria"": ""cpe:2.3:a:atlassian:confluence_server:*:*:*:*:*:*:*:*"", ""versionStartIncluding"": ""7.16.0"", ""versionEndExcluding"": ""7.16.4"", ""matchCriteriaId"": ""30E63ECB-85A8-4D41-A9B5-9FFF18D9CDB1""}, {""vulnerable"": true, ""criteria"": ""cpe:2.3:a:atlassian:confluence_server:*:*:*:*:*:*:*:*"", ""versionStartIncluding"": ""7.17.0"", ""versionEndExcluding"": ""7.17.4"", ""matchCriteriaId"": ""694171BD-FAE2-472C-8183-04BCA2F7B9A7""}, {""vulnerable"": true, ""criteria"": ""cpe:2.3:a:atlassian:confluence_server:7.18.0:*:*:*:*:*:*:*"", ""matchCriteriaId"": ""0AC5E81B-DA4B-45E7-9584-4B576E49FD8B""}, {""vulnerable"": true, ""criteria"": ""cpe:2.3:a:atlassian:crowd:*:*:*:*:*:*:*:*"", ""versionEndExcluding"": ""4.3.8"", ""matchCriteriaId"": ""EE028964-B3FC-4883-9967-68DE46EE7F6F""}, {""vulnerable"": true, ""criteria"": ""cpe:2.3:a:atlassian:crowd:*:*:*:*:*:*:*:*"", ""versionStartIncluding"": ""4.4.0"", ""versionEndExcluding"": ""4.4.2"", ""matchCriteriaId"": ""57DC9E2A-4C89-420D-9330-F11E56BF2F83""}, {""vulnerable"": true, ""criteria"": ""cpe:2.3:a:atlassian:crowd:5.0.0:*:*:*:*:*:*:*"", ""matchCriteriaId"": ""C50A718F-C67B-4462-BB7E-F80408DEF07D""}, {""vulnerable"": true, ""criteria"": ""cpe:2.3:a:atlassian:crucible:*:*:*:*:*:*:*:*"", ""versionEndExcluding"": ""4.8.10"", ""matchCriteriaId"": ""92329A2E-13E8-4818-85AB-3E7F479411EF""}, {""vulnerable"": true, ""criteria"": ""cpe:2.3:a:atlassian:fisheye:*:*:*:*:*:*:*:*"", ""versionEndExcluding"": ""4.8.10"", ""matchCriteriaId"": ""30DDE751-CA88-4CFB-9E60-4243851B4B53""}, {""vulnerable"": true, ""criteria"": ""cpe:2.3:a:atlassian:jira_data_center:*:*:*:*:*:*:*:*"", ""versionStartIncluding"": ""8.13.0"", ""versionEndExcluding"": ""8.13.22"", ""matchCriteriaId"": ""D91B8507-A7A7-4B74-9999-F1DEA9F487A9""}, {""vulnerable"": true, ""criteria"": ""cpe:2.3:a:atlassian:jira_data_center:*:*:*:*:*:*:*:*"", ""versionStartIncluding"": ""8.14.0"", ""versionEndExcluding"": ""8.20.10"", ""matchCriteriaId"": ""963AE427-2897-42CB-AE11-654D700E690B""}, {""vulnerable"": true, ""criteria"": ""cpe:2.3:a:atlassian:jira_data_center:*:*:*:*:*:*:*:*"", ""versionStartIncluding"": ""8.21.0"", ""versionEndExcluding"": ""8.22.4"", ""matchCriteriaId"": ""A7CD8891-BB97-4AD3-BEE4-6CCA0D8A2D85""}, {""vulnerable"": true, ""criteria"": ""cpe:2.3:a:atlassian:jira_server:*:*:*:*:*:*:*:*"", ""versionStartIncluding"": ""8.13.0"", ""versionEndExcluding"": ""8.13.22"", ""matchCriteriaId"": ""E73A5202-6114-48E6-8F9B-C03B2E707055""}, {""vulnerable"": true, ""criteria"": ""cpe:2.3:a:atlassian:jira_server:*:*:*:*:*:*:*:*"", ""versionStartIncluding"": ""8.14.0"", ""versionEndExcluding"": ""8.20.10"", ""matchCriteriaId"": ""D22AB11D-1D73-45DC-803C-146EFED18CDA""}, {""vulnerable"": true, ""criteria"": ""cpe:2.3:a:atlassian:jira_server:*:*:*:*:*:*:*:*"", ""versionStartIncluding"": ""8.21.0"", ""versionEndExcluding"": ""8.22.4"", ""matchCriteriaId"": ""BB2091E9-0B14-4786-852F-454C56D20839""}, {""vulnerable"": true, ""criteria"": ""cpe:2.3:a:atlassian:jira_service_desk:*:*:*:*:data_center:*:*:*"", ""versionEndExcluding"": ""4.13.22"", ""matchCriteriaId"": ""1451C219-8AAA-4165-AE2C-033EF7B6F93A""}, {""vulnerable"": true, ""criteria"": ""cpe:2.3:a:atlassian:jira_service_desk:*:*:*:*:server:*:*:*"", ""versionEndExcluding"": ""4.13.22"", ""matchCriteriaId"": ""BD23F987-0F14-4938-BB51-4EE61C24EB62""}, {""vulnerable"": true, ""criteria"": ""cpe:2.3:a:atlassian:jira_service_management:*:*:*:*:data_center:*:*:*"", ""versionStartIncluding"": ""4.14.0"", ""versionEndExcluding"": ""4.20.10"", ""matchCriteriaId"": ""39F77953-41D7-4398-9F07-2A057A993762""}, {""vulnerable"": true, ""criteria"": ""cpe:2.3:a:atlassian:jira_service_management:*:*:*:*:server:*:*:*"", ""versionStartIncluding"": ""4.14.0"", ""versionEndExcluding"": ""4.20.10"", ""matchCriteriaId"": ""CADBE0E7-36D9-4F6F-BEE6-A1E0B9428C2A""}, {""vulnerable"": true, ""criteria"": ""cpe:2.3:a:atlassian:jira_service_management:*:*:*:*:data_center:*:*:*"", ""versionStartIncluding"": ""4.21.0"", ""versionEndExcluding"": ""4.22.4"", ""matchCriteriaId"": ""DC0DB08B-2034-4691-A7B2-3E5F8B6318B1""}, {""vulnerable"": true, ""criteria"": ""cpe:2.3:a:atlassian:jira_service_management:*:*:*:*:server:*:*:*"", ""versionStartIncluding"": ""4.21.0"", ""versionEndExcluding"": ""4.22.4"", ""matchCriteriaId"": ""97A17BE7-7CCC-46D8-A317-53E2B026DF6E""}]}]}]","[{""url"": ""https://jira.atlassian.com/browse/BAM-21795"", ""source"": ""security@atlassian.com"", ""tags"": [""Issue Tracking"", ""Patch"", ""Vendor Advisory""]}, {""url"": ""https://jira.atlassian.com/browse/BSERV-13370"", ""source"": ""security@atlassian.com"", ""tags"": [""Issue Tracking"", ""Patch"", ""Vendor Advisory""]}, {""url"": ""https://jira.atlassian.com/browse/CONFSERVER-79476"", ""source"": ""security@atlassian.com"", ""tags"": [""Issue Tracking"", ""Patch"", ""Vendor Advisory""]}, {""url"": ""https://jira.atlassian.com/browse/CRUC-8541"", ""source"": ""security@atlassian.com"", ""tags"": [""Issue Tracking"", ""Patch"", ""Vendor Advisory""]}, {""url"": ""https://jira.atlassian.com/browse/CWD-5815"", ""source"": ""security@atlassian.com"", ""tags"": [""Issue Tracking"", ""Patch"", ""Vendor Advisory""]}, {""url"": ""https://jira.atlassian.com/browse/FE-7410"", ""source"": ""security@atlassian.com"", ""tags"": [""Issue Tracking"", ""Patch"", ""Vendor Advisory""]}, {""url"": ""https://jira.atlassian.com/browse/JRASERVER-73897"", ""source"": ""security@atlassian.com"", ""tags"": [""Issue Tracking"", ""Patch"", ""Vendor Advisory""]}, {""url"": ""https://jira.atlassian.com/browse/JSDSERVER-11863"", ""source"": ""security@atlassian.com"", ""tags"": [""Issue Tracking"", ""Patch"", ""Vendor Advisory""]}, {""url"": ""https://jira.atlassian.com/browse/BAM-21795"", ""source"": ""af854a3a-2127-422b-91ae-364da2661108"", ""tags"": [""Issue Tracking"", ""Patch"", ""Vendor Advisory""]}, {""url"": ""https://jira.atlassian.com/browse/BSERV-13370"", ""source"": ""af854a3a-2127-422b-91ae-364da2661108"", ""tags"": [""Issue Tracking"", ""Patch"", ""Vendor Advisory""]}, {""url"": ""https://jira.atlassian.com/browse/CONFSERVER-79476"", ""source"": ""af854a3a-2127-422b-91ae-364da2661108"", ""tags"": [""Issue Tracking"", ""Patch"", ""Vendor Advisory""]}, {""url"": ""https://jira.atlassian.com/browse/CRUC-8541"", ""source"": ""af854a3a-2127-422b-91ae-364da2661108"", ""tags"": [""Issue Tracking"", ""Patch"", ""Vendor Advisory""]}, {""url"": ""https://jira.atlassian.com/browse/CWD-5815"", ""source"": ""af854a3a-2127-422b-91ae-364da2661108"", ""tags"": [""Issue Tracking"", ""Patch"", ""Vendor Advisory""]}, {""url"": ""https://jira.atlassian.com/browse/FE-7410"", ""source"": ""af854a3a-2127-422b-91ae-364da2661108"", ""tags"": [""Issue Tracking"", ""Patch"", ""Vendor Advisory""]}, {""url"": ""https://jira.atlassian.com/browse/JRASERVER-73897"", ""source"": ""af854a3a-2127-422b-91ae-364da2661108"", ""tags"": [""Issue Tracking"", ""Patch"", ""Vendor Advisory""]}, {""url"": ""https://jira.atlassian.com/browse/JSDSERVER-11863"", ""source"": ""af854a3a-2127-422b-91ae-364da2661108"", ""tags"": [""Issue Tracking"", ""Patch"", ""Vendor Advisory""]}]",[],"{""cvssMetricV31"": [{""source"": ""nvd@nist.gov"", ""type"": ""Primary"", ""cvssData"": {""version"": ""3.1"", ""vectorString"": ""CVSS:3.1/AV:N/AC:L/PR:N/UI:R/S:U/C:H/I:H/A:H"", ""baseScore"": 8.8, ""baseSeverity"": ""HIGH"", ""attackVector"": ""NETWORK"", ""attackComplexity"": ""LOW"", ""privilegesRequired"": ""NONE"", ""userInteraction"": ""REQUIRED"", ""scope"": ""UNCHANGED"", ""confidentialityImpact"": ""HIGH"", ""integrityImpact"": ""HIGH"", ""availabilityImpact"": ""HIGH""}, ""exploitabilityScore"": 2.8, ""impactScore"": 5.9}, {""source"": ""134c704f-9b21-4f2e-91b3-4a467353bcc0"", ""type"": ""Secondary"", ""cvssData"": {""version"": ""3.1"", ""vectorString"": ""CVSS:3.1/AV:N/AC:L/PR:N/UI:R/S:U/C:H/I:H/A:H"", ""baseScore"": 8.8, ""baseSeverity"": ""HIGH"", ""attackVector"": ""NETWORK"", ""attackComplexity"": ""LOW"", ""privilegesRequired"": ""NONE"", ""userInteraction"": ""REQUIRED"", ""scope"": ""UNCHANGED"", ""confidentialityImpact"": ""HIGH"", ""integrityImpact"": ""HIGH"", ""availabilityImpact"": ""HIGH""}, ""exploitabilityScore"": 2.8, ""impactScore"": 5.9}]}"
CVE-2022-36804,security@atlassian.com,2022-08-25T06:15:09.077,2025-10-24T13:37:44.367,Analyzed,"[{""lang"": ""en"", ""value"": ""Multiple API endpoints in Atlassian Bitbucket Server and Data Center 7.0.0 before version 7.6.17, from version 7.7.0 before version 7.17.10, from version 7.18.0 before version 7.21.4, from version 8.0.0 before version 8.0.3, from version 8.1.0 before version 8.1.3, and from version 8.2.0 before version 8.2.2, and from version 8.3.0 before 8.3.1 allows remote attackers with read permissions to a public or private Bitbucket repository to execute arbitrary code by sending a malicious HTTP request. This vulnerability was reported via our Bug Bounty Program by TheGrandPew.""}, {""lang"": ""es"", ""value"": ""Múltiples endpoints de la API en Atlassian Bitbucket Server y Data Center 7.0.0 versiones anteriores a 7.6.17, desde versiones 7.7.0 anteriores a 7.17.10, desde versiones 7.18.0 anteriores a 7.21.4, desde versiones 8.0.0 anteriores a 8.0.3, desde versiones 8.1. 0 versiones anteriores a 8.1.3, y desde versiones 8.2.0 anteriores a 8.2.2, y desde versiones 8.3.0 anteriores a 8.3.1, permite a atacantes remotos con permisos de lectura en un repositorio público o privado de Bitbucket ejecutar código arbitrario enviando una petición HTTP maliciosa. Esta vulnerabilidad fue reportada por medio de nuestro programa Bug Bounty por TheGrandPew.""}]","[{""source"": ""nvd@nist.gov"", ""type"": ""Primary"", ""description"": [{""lang"": ""en"", ""value"": ""CWE-78""}, {""lang"": ""en"", ""value"": ""CWE-88""}]}, {""source"": ""134c704f-9b21-4f2e-91b3-4a467353bcc0"", ""type"": ""Secondary"", ""description"": [{""lang"": ""en"", ""value"": ""CWE-78""}, {""lang"": ""en"", ""value"": ""CWE-88""}]}]","[{""nodes"": [{""operator"": ""OR"", ""negate"": false, ""cpeMatch"": [{""vulnerable"": true, ""criteria"": ""cpe:2.3:a:atlassian:bitbucket:*:*:*:*:*:*:*:*"", ""versionStartIncluding"": ""7.0.0"", ""versionEndExcluding"": ""7.6.17"", ""matchCriteriaId"": ""54F27ACB-8092-49D9-B3E6-84202A474E07""}, {""vulnerable"": true, ""criteria"": ""cpe:2.3:a:atlassian:bitbucket:*:*:*:*:*:*:*:*"", ""versionStartIncluding"": ""7.7.0"", ""versionEndExcluding"": ""7.17.10"", ""matchCriteriaId"": ""4841A291-6ED4-46BF-A20D-9B6C580D0848""}, {""vulnerable"": true, ""criteria"": ""cpe:2.3:a:atlassian:bitbucket:*:*:*:*:*:*:*:*"", ""versionStartIncluding"": ""7.18.0"", ""versionEndExcluding"": ""7.21.4"", ""matchCriteriaId"": ""2DA55F12-AE5A-4EB0-8A9D-F8C931470686""}, {""vulnerable"": true, ""criteria"": ""cpe:2.3:a:atlassian:bitbucket:*:*:*:*:*:*:*:*"", ""versionStartIncluding"": ""8.0.0"", ""versionEndExcluding"": ""8.0.3"", ""matchCriteriaId"": ""EF552168-931B-4D5C-8D61-371F00517217""}, {""vulnerable"": true, ""criteria"": ""cpe:2.3:a:atlassian:bitbucket:*:*:*:*:*:*:*:*"", ""versionStartIncluding"": ""8.1.0"", ""versionEndExcluding"": ""8.1.3"", ""matchCriteriaId"": ""86586513-D050-4522-91EE-E10A2C0D36DA""}, {""vulnerable"": true, ""criteria"": ""cpe:2.3:a:atlassian:bitbucket:*:*:*:*:*:*:*:*"", ""versionStartIncluding"": ""8.2.0"", ""versionEndExcluding"": ""8.2.2"", ""matchCriteriaId"": ""1D177223-A7CD-48D7-9AE6-709D769C8466""}, {""vulnerable"": true, ""criteria"": ""cpe:2.3:a:atlassian:bitbucket:8.3.0:*:*:*:*:*:*:*"", ""matchCriteriaId"": ""067642A5-9F53-4ADC-956B-B2576853A3FD""}]}]}]","[{""url"": ""http://packetstormsecurity.com/files/168470/Bitbucket-Git-Command-Injection.html"", ""source"": ""security@atlassian.com"", ""tags"": [""Exploit"", ""Third Party Advisory"", ""VDB Entry""]}, {""url"": ""http://packetstormsecurity.com/files/171453/Bitbucket-7.0.0-Remote-Command-Execution.html"", ""source"": ""security@atlassian.com"", ""tags"": [""Exploit"", ""Third Party Advisory"", ""VDB Entry""]}, {""url"": ""https://jira.atlassian.com/browse/BSERV-13438"", ""source"": ""security@atlassian.com"", ""tags"": [""Issue Tracking"", ""Patch"", ""Release Notes"", ""Vendor Advisory""]}, {""url"": ""http://packetstormsecurity.com/files/168470/Bitbucket-Git-Command-Injection.html"", ""source"": ""af854a3a-2127-422b-91ae-364da2661108"", ""tags"": [""Exploit"", ""Third Party Advisory"", ""VDB Entry""]}, {""url"": ""http://packetstormsecurity.com/files/171453/Bitbucket-7.0.0-Remote-Command-Execution.html"", ""source"": ""af854a3a-2127-422b-91ae-364da2661108"", ""tags"": [""Exploit"", ""Third Party Advisory"", ""VDB Entry""]}, {""url"": ""https://jira.atlassian.com/browse/BSERV-13438"", ""source"": ""af854a3a-2127-422b-91ae-364da2661108"", ""tags"": [""Issue Tracking"", ""Patch"", ""Release Notes"", ""Vendor Advisory""]}, {""url"": ""https://www.cisa.gov/known-exploited-vulnerabilities-catalog?field_cve=CVE-2022-36804"", ""source"": ""134c704f-9b21-4f2e-91b3-4a467353bcc0"", ""tags"": [""US Government Resource""]}]",[],"{""cvssMetricV31"": [{""source"": ""nvd@nist.gov"", ""type"": ""Primary"", ""cvssData"": {""version"": ""3.1"", ""vectorString"": ""CVSS:3.1/AV:N/AC:L/PR:L/UI:N/S:U/C:H/I:H/A:H"", ""baseScore"": 8.8, ""baseSeverity"": ""HIGH"", ""attackVector"": ""NETWORK"", ""attackComplexity"": ""LOW"", ""privilegesRequired"": ""LOW"", ""userInteraction"": ""NONE"", ""scope"": ""UNCHANGED"", ""confidentialityImpact"": ""HIGH"", ""integrityImpact"": ""HIGH"", ""availabilityImpact"": ""HIGH""}, ""exploitabilityScore"": 2.8, ""impactScore"": 5.9}, {""source"": ""134c704f-9b21-4f2e-91b3-4a467353bcc0"", ""type"": ""Secondary"", ""cvssData"": {""version"": ""3.1"", ""vectorString"": ""CVSS:3.1/AV:N/AC:L/PR:L/UI:N/S:U/C:H/I:H/A:H"", ""baseScore"": 8.8, ""baseSeverity"": ""HIGH"", ""attackVector"": ""NETWORK"", ""attackComplexity"": ""LOW"", ""privilegesRequired"": ""LOW"", ""userInteraction"": ""NONE"", ""scope"": ""UNCHANGED"", ""confidentialityImpact"": ""HIGH"", ""integrityImpact"": ""HIGH"", ""availabilityImpact"": ""HIGH""}, ""exploitabilityScore"": 2.8, ""impactScore"": 5.9}]}"
CVE-2022-43781,security@atlassian.com,2022-11-17T00:15:18.483,2024-11-21T07:27:14.543,Modified,"[{""lang"": ""en"", ""value"": ""There is a command injection vulnerability using environment variables in Bitbucket Server and Data Center. An attacker with permission to control their username can exploit this issue to execute arbitrary code on the system. This vulnerability can be unauthenticated if the Bitbucket Server and Data Center instance has enabled “Allow public signup”.""}, {""lang"": ""es"", ""value"": ""Existe una vulnerabilidad de inyección de comandos mediante variables de entorno en Bitbucket Server y Data Center. Un atacante con permiso para controlar su nombre de usuario puede aprovechar este problema para ejecutar código arbitrario en el sistema. Esta vulnerabilidad puede no autenticarse si la instancia de Bitbucket Server y Data Center ha habilitado \""Allow public signup\"".""}]","[{""source"": ""nvd@nist.gov"", ""type"": ""Primary"", ""description"": [{""lang"": ""en"", ""value"": ""CWE-77""}]}, {""source"": ""134c704f-9b21-4f2e-91b3-4a467353bcc0"", ""type"": ""Secondary"", ""description"": [{""lang"": ""en"", ""value"": ""CWE-77""}]}]","[{""nodes"": [{""operator"": ""OR"", ""negate"": false, ""cpeMatch"": [{""vulnerable"": true, ""criteria"": ""cpe:2.3:a:atlassian:bitbucket:*:*:*:*:*:*:*:*"", ""versionStartIncluding"": ""7.0.0"", ""versionEndExcluding"": ""7.6.19"", ""matchCriteriaId"": ""724D75B1-262B-4834-BDF9-359992FE358F""}, {""vulnerable"": true, ""criteria"": ""cpe:2.3:a:atlassian:bitbucket:*:*:*:*:*:*:*:*"", ""versionStartIncluding"": ""7.7.0"", ""versionEndExcluding"": ""7.17.12"", ""matchCriteriaId"": ""7DDB30B8-27BB-4754-A801-CC6D7FBD112D""}, {""vulnerable"": true, ""criteria"": ""cpe:2.3:a:atlassian:bitbucket:*:*:*:*:*:*:*:*"", ""versionStartIncluding"": ""7.18.0"", ""versionEndExcluding"": ""7.21.6"", ""matchCriteriaId"": ""C46D83C6-2375-4187-9A5F-1AD81A6520DA""}, {""vulnerable"": true, ""criteria"": ""cpe:2.3:a:atlassian:bitbucket:*:*:*:*:*:*:*:*"", ""versionStartIncluding"": ""7.22.0"", ""versionEndExcluding"": ""8.0.5"", ""matchCriteriaId"": ""18D68073-ED08-433F-9EB3-6BE4D58B08E6""}, {""vulnerable"": true, ""criteria"": ""cpe:2.3:a:atlassian:bitbucket:*:*:*:*:*:*:*:*"", ""versionStartIncluding"": ""8.1.0"", ""versionEndExcluding"": ""8.1.5"", ""matchCriteriaId"": ""7C1B0213-8CA7-4179-90D3-FCFE8BBE33BA""}, {""vulnerable"": true, ""criteria"": ""cpe:2.3:a:atlassian:bitbucket:*:*:*:*:*:*:*:*"", ""versionStartIncluding"": ""8.2.0"", ""versionEndExcluding"": ""8.2.4"", ""matchCriteriaId"": ""0D270F32-1BB2-46F8-8737-4CB39508EDD4""}, {""vulnerable"": true, ""criteria"": ""cpe:2.3:a:atlassian:bitbucket:*:*:*:*:*:*:*:*"", ""versionStartIncluding"": ""8.3.0"", ""versionEndExcluding"": ""8.3.3"", ""matchCriteriaId"": ""CF6224A3-4AD8-4DA7-8E68-A890B3915337""}, {""vulnerable"": true, ""criteria"": ""cpe:2.3:a:atlassian:bitbucket:*:*:*:*:*:*:*:*"", ""versionStartIncluding"": ""8.4.0"", ""versionEndExcluding"": ""8.4.2"", ""matchCriteriaId"": ""224634CB-9CA5-4292-B3F8-B3A86E4ADD70""}]}]}]","[{""url"": ""https://confluence.atlassian.com/x/Y4hXRg"", ""source"": ""security@atlassian.com"", ""tags"": [""Mitigation"", ""Release Notes"", ""Vendor Advisory""]}, {""url"": ""https://jira.atlassian.com/browse/BSERV-13522"", ""source"": ""security@atlassian.com"", ""tags"": [""Issue Tracking"", ""Patch"", ""Vendor Advisory""]}, {""url"": ""https://confluence.atlassian.com/x/Y4hXRg"", ""source"": ""af854a3a-2127-422b-91ae-364da2661108"", ""tags"": [""Mitigation"", ""Release Notes"", ""Vendor Advisory""]}, {""url"": ""https://jira.atlassian.com/browse/BSERV-13522"", ""source"": ""af854a3a-2127-422b-91ae-364da2661108"", ""tags"": [""Issue Tracking"", ""Patch"", ""Vendor Advisory""]}]",[],"{""cvssMetricV31"": [{""source"": ""nvd@nist.gov"", ""type"": ""Primary"", ""cvssData"": {""version"": ""3.1"", ""vectorString"": ""CVSS:3.1/AV:N/AC:L/PR:N/UI:N/S:U/C:H/I:H/A:H"", ""baseScore"": 9.8, ""baseSeverity"": ""CRITICAL"", ""attackVector"": ""NETWORK"", ""attackComplexity"": ""LOW"", ""privilegesRequired"": ""NONE"", ""userInteraction"": ""NONE"", ""scope"": ""UNCHANGED"", ""confidentialityImpact"": ""HIGH"", ""integrityImpact"": ""HIGH"", ""availabilityImpact"": ""HIGH""}, ""exploitabilityScore"": 3.9, ""impactScore"": 5.9}, {""source"": ""134c704f-9b21-4f2e-91b3-4a467353bcc0"", ""type"": ""Secondary"", ""cvssData"": {""version"": ""3.1"", ""vectorString"": ""CVSS:3.1/AV:N/AC:L/PR:N/UI:N/S:U/C:H/I:H/A:H"", ""baseScore"": 9.8, ""baseSeverity"": ""CRITICAL"", ""attackVector"": ""NETWORK"", ""attackComplexity"": ""LOW"", ""privilegesRequired"": ""NONE"", ""userInteraction"": ""NONE"", ""scope"": ""UNCHANGED"", ""confidentialityImpact"": ""HIGH"", ""integrityImpact"": ""HIGH"", ""availabilityImpact"": ""HIGH""}, ""exploitabilityScore"": 3.9, ""impactScore"": 5.9}]}"
CVE-2023-22513,security@atlassian.com,2023-09-19T17:15:08.017,2025-03-06T16:15:40.103,Modified,"[{""lang"": ""en"", ""value"": ""This High severity RCE (Remote Code Execution) vulnerability was introduced in version 8.0.0 of Bitbucket Data Center and Server. This RCE (Remote Code Execution) vulnerability, with a CVSS Score of 8.5, allows an authenticated attacker to execute arbitrary code which has high impact to confidentiality, high impact to integrity, high impact to availability, and requires no user interaction. Atlassian recommends that Bitbucket Data Center and Server customers upgrade to latest version, if you are unable to do so, upgrade your instance to one of the specified supported fixed versions: Bitbucket Data Center and Server 8.9: Upgrade to a release greater than or equal to 8.9.5 Bitbucket Data Center and Server 8.10: Upgrade to a release greater than or equal to 8.10.5 Bitbucket Data Center and Server 8.11: Upgrade to a release greater than or equal to 8.11.4 Bitbucket Data Center and Server 8.12: Upgrade to a release greater than or equal to 8.12.2 Bitbucket Data Center and Server 8.13: Upgrade to a release greater than or equal to 8.13.1 Bitbucket Data Center and Server 8.14: Upgrade to a release greater than or equal to 8.14.0 Bitbucket Data Center and Server version >= 8.0 and < 8.9: Upgrade to any of the listed fix versions. See the release notes (https://confluence.atlassian.com/bitbucketserver/release-notes). You can download the latest version of Bitbucket Data Center and Server from the download center (https://www.atlassian.com/software/bitbucket/download-archives). This vulnerability was discovered by a private user and reported via our Bug Bounty program""}, {""lang"": ""es"", ""value"": ""Esta vulnerabilidad RCE (Ejecución Remota de Código) de alta gravedad se introdujo en la versión 8.0.0 de Bitbucket Data Center and Server. Esta vulnerabilidad RCE (Ejecución Remota de Código), con una puntuación CVSS de 8,5, permite a un atacante autenticado ejecutar código arbitrario que tiene un alto impacto en la confidencialidad, un alto impacto en la integridad, un alto impacto en la disponibilidad y no requiere interacción del usuario. Atlassian recomienda que los clientes de Bitbucket Data Center y Server actualicen a la última versión; si no puede hacerlo, actualice su instancia a una de las versiones fijas admitidas especificadas: Bitbucket Data Center y Server 8.9: actualice a una versión superior o igual a 8.9.5 Bitbucket Data Center y Server 8.10: actualice a una versión mayor o igual a 8.10.5 Bitbucket Data Center y Server 8.11: actualice a una versión mayor o igual a 8.11.4 Bitbucket Data Center y Server 8.12: actualice a una versión mayor o igual a 8.12.2 Bitbucket Data Center y Server 8.13: actualice a una versión mayor o igual a 8.13.1 Bitbucket Data Center y Server 8.14: actualice a una versión mayor o igual a 8.14.0 Bitbucket Data Versión de Center y Server &gt;= 8.0 y &lt; 8.9: actualice a cualquiera de las versiones de corrección enumeradas. Consulte las notas de la versión (https://confluence.atlassian.com/bitbucketserver/release-notes). Puede descargar la última versión de Bitbucket Data Center and Server desde el centro de descargas (https://www.atlassian.com/software/bitbucket/download-archives). Esta vulnerabilidad fue descubierta por un usuario privado y reportada a través de nuestro programa Bug Bounty.""}]","[{""source"": ""nvd@nist.gov"", ""type"": ""Primary"", ""description"": [{""lang"": ""en"", ""value"": ""NVD-CWE-noinfo""}]}, {""source"": ""134c704f-9b21-4f2e-91b3-4a467353bcc0"", ""type"": ""Secondary"", ""description"": [{""lang"": ""en"", ""value"": ""CWE-94""}]}]","[{""nodes"": [{""operator"": ""OR"", ""negate"": false, ""cpeMatch"": [{""vulnerable"": true, ""criteria"": ""cpe:2.3:a:atlassian:bitbucket_data_center:*:*:*:*:*:*:*:*"", ""versionStartIncluding"": ""8.9.0"", ""versionEndExcluding"": ""8.9.5"", ""matchCriteriaId"": ""94388171-FFA9-43A6-A1DE-02BF1F8B135A""}, {""vulnerable"": true, ""criteria"": ""cpe:2.3:a:atlassian:bitbucket_data_center:*:*:*:*:*:*:*:*"", ""versionStartIncluding"": ""8.10.0"", ""versionEndExcluding"": ""8.10.5"", ""matchCriteriaId"": ""84CD120B-01B2-4DF1-BEE5-EBA1227A10FF""}, {""vulnerable"": true, ""criteria"": ""cpe:2.3:a:atlassian:bitbucket_data_center:*:*:*:*:*:*:*:*"", ""versionStartIncluding"": ""8.11.0"", ""versionEndExcluding"": ""8.11.4"", ""matchCriteriaId"": ""E838EB6C-4F78-46A4-9C7B-302EFCB7E8B2""}, {""vulnerable"": true, ""criteria"": ""cpe:2.3:a:atlassian:bitbucket_data_center:*:*:*:*:*:*:*:*"", ""versionStartIncluding"": ""8.12.0"", ""versionEndExcluding"": ""8.12.2"", ""matchCriteriaId"": ""96C85A56-2C39-4323-9BB3-B6BB4879D59B""}, {""vulnerable"": true, ""criteria"": ""cpe:2.3:a:atlassian:bitbucket_data_center:8.13.0:*:*:*:*:*:*:*"", ""matchCriteriaId"": ""631895A8-61D7-43EB-B5C4-C2C24664E090""}, {""vulnerable"": true, ""criteria"": ""cpe:2.3:a:atlassian:bitbucket_server:*:*:*:*:*:*:*:*"", ""versionStartIncluding"": ""8.9.0"", ""versionEndExcluding"": ""8.9.5"", ""matchCriteriaId"": ""D5437523-ED8B-4B38-B708-AB58C70F21BD""}, {""vulnerable"": true, ""criteria"": ""cpe:2.3:a:atlassian:bitbucket_server:*:*:*:*:*:*:*:*"", ""versionStartIncluding"": ""8.10.0"", ""versionEndExcluding"": ""8.10.5"", ""matchCriteriaId"": ""2C7B8C0E-371D-4A5B-8D53-C0E718AD9C59""}, {""vulnerable"": true, ""criteria"": ""cpe:2.3:a:atlassian:bitbucket_server:*:*:*:*:*:*:*:*"", ""versionStartIncluding"": ""8.11.0"", ""versionEndExcluding"": ""8.11.4"", ""matchCriteriaId"": ""325000C6-A67A-48D1-9B9E-C3B26DE41D4D""}, {""vulnerable"": true, ""criteria"": ""cpe:2.3:a:atlassian:bitbucket_server:*:*:*:*:*:*:*:*"", ""versionStartIncluding"": ""8.12.0"", ""versionEndExcluding"": ""8.12.2"", ""matchCriteriaId"": ""C3D174A1-11B4-4F79-905F-C83C08636A8E""}, {""vulnerable"": true, ""criteria"": ""cpe:2.3:a:atlassian:bitbucket_server:8.13.0:*:*:*:*:*:*:*"", ""matchCriteriaId"": ""C2CCB940-EB40-46C4-B475-1FDA559938BB""}]}]}]","[{""url"": ""https://confluence.atlassian.com/pages/viewpage.action?pageId=1283691616"", ""source"": ""security@atlassian.com"", ""tags"": [""Vendor Advisory""]}, {""url"": ""https://jira.atlassian.com/browse/BSERV-14419"", ""source"": ""security@atlassian.com"", ""tags"": [""Issue Tracking"", ""Vendor Advisory""]}, {""url"": ""https://confluence.atlassian.com/pages/viewpage.action?pageId=1283691616"", ""source"": ""af854a3a-2127-422b-91ae-364da2661108"", ""tags"": [""Vendor Advisory""]}, {""url"": ""https://jira.atlassian.com/browse/BSERV-14419"", ""source"": ""af854a3a-2127-422b-91ae-364da2661108"", ""tags"": [""Issue Tracking"", ""Vendor Advisory""]}]",[],"{""cvssMetricV31"": [{""source"": ""nvd@nist.gov"", ""type"": ""Primary"", ""cvssData"": {""version"": ""3.1"", ""vectorString"": ""CVSS:3.1/AV:N/AC:L/PR:L/UI:N/S:U/C:H/I:H/A:H"", ""baseScore"": 8.8, ""baseSeverity"": ""HIGH"", ""attackVector"": ""NETWORK"", ""attackComplexity"": ""LOW"", ""privilegesRequired"": ""LOW"", ""userInteraction"": ""NONE"", ""scope"": ""UNCHANGED"", ""confidentialityImpact"": ""HIGH"", ""integrityImpact"": ""HIGH"", ""availabilityImpact"": ""HIGH""}, ""exploitabilityScore"": 2.8, ""impactScore"": 5.9}], ""cvssMetricV30"": [{""source"": ""security@atlassian.com"", ""type"": ""Secondary"", ""cvssData"": {""version"": ""3.0"", ""vectorString"": ""CVSS:3.0/AV:N/AC:H/PR:L/UI:N/S:C/C:H/I:H/A:H"", ""baseScore"": 8.5, ""baseSeverity"": ""HIGH"", ""attackVector"": ""NETWORK"", ""attackComplexity"": ""HIGH"", ""privilegesRequired"": ""LOW"", ""userInteraction"": ""NONE"", ""scope"": ""CHANGED"", ""confidentialityImpact"": ""HIGH"", ""integrityImpact"": ""HIGH"", ""availabilityImpact"": ""HIGH""}, ""exploitabilityScore"": 1.8, ""impactScore"": 6.0}]}"
CVE-2024-21684,security@atlassian.com,2024-07-24T18:15:03.793,2025-07-30T13:40:45.210,Analyzed,"[{""lang"": ""en"", ""value"": ""There is a low severity open redirect vulnerability within affected versions of Bitbucket Data Center. Versions of Bitbucket DC from 8.0.0 to 8.9.12 and 8.19.0 to 8.19.1 are affected by this vulnerability. It is patched in 8.9.13 and 8.19.2.\n\nThis open redirect vulnerability, with a CVSS Score of 3.1 and a CVSS Vector of CVSS:3.0/AV:N/AC:H/PR:N/UI:R/S:U/C:L/I:N/A:N, allows an unauthenticated attacker to redirect a victim user upon login to Bitbucket Data Center to any arbitrary site which can be utilized for further exploitation which has low impact to confidentiality, no impact to integrity, no impact to availability, and requires user interaction.\n\nAtlassian recommends that Bitbucket Data Center customers upgrade to the version. If you are unable to do so, upgrade your instance to one of the  supported fixed versions.""}, {""lang"": ""es"", ""value"": ""Existe una vulnerabilidad de redireccionamiento abierto de baja gravedad en las versiones afectadas de Bitbucket Data Center. Las versiones de Bitbucket DC de 8.0.0 a 8.9.12 y de 8.19.0 a 8.19.1 se ven afectadas por esta vulnerabilidad. Está parcheado en 8.9.13 y 8.19.2. Esta vulnerabilidad de redireccionamiento abierto, con una puntuación CVSS de 3.1 y un vector CVSS de CVSS:3.0/AV:N/AC:H/PR:N/UI:R/S:U/C:L/I:N/A: N, permite a un atacante no autenticado redirigir a un usuario víctima al iniciar sesión en Bitbucket Data Center a cualquier sitio arbitrario que pueda utilizarse para una mayor explotación, lo que tiene un bajo impacto en la confidencialidad, ningún impacto en la integridad, ningún impacto en la disponibilidad y requiere la interacción del usuario. Atlassian recomienda que los clientes de Bitbucket Data Center actualicen a la versión. Si no puede hacerlo, actualice su instancia a una de las versiones fijas admitidas.""}]","[{""source"": ""134c704f-9b21-4f2e-91b3-4a467353bcc0"", ""type"": ""Secondary"", ""description"": [{""lang"": ""en"", ""value"": ""CWE-601""}]}]","[{""nodes"": [{""operator"": ""OR"", ""negate"": false, ""cpeMatch"": [{""vulnerable"": true, ""criteria"": ""cpe:2.3:a:atlassian:bitbucket_data_center:*:*:*:*:*:*:*:*"", ""versionStartIncluding"": ""8.0.0"", ""versionEndExcluding"": ""8.9.13"", ""matchCriteriaId"": ""11D36FB5-005E-4885-92E6-D7CB33C20640""}, {""vulnerable"": true, ""criteria"": ""cpe:2.3:a:atlassian:bitbucket_data_center:*:*:*:*:*:*:*:*"", ""versionStartIncluding"": ""8.19.0"", ""versionEndExcluding"": ""8.19.2"", ""matchCriteriaId"": ""DACEEFBB-7E18-44F2-B853-4AF6731EF5CA""}]}]}]","[{""url"": ""https://jira.atlassian.com/browse/BSERV-19454"", ""source"": ""security@atlassian.com"", ""tags"": [""Issue Tracking"", ""Vendor Advisory""]}, {""url"": ""https://jira.atlassian.com/browse/BSERV-19454"", ""source"": ""af854a3a-2127-422b-91ae-364da2661108"", ""tags"": [""Issue Tracking"", ""Vendor Advisory""]}]",[],"{""cvssMetricV31"": [{""source"": ""nvd@nist.gov"", ""type"": ""Primary"", ""cvssData"": {""version"": ""3.1"", ""vectorString"": ""CVSS:3.1/AV:N/AC:L/PR:N/UI:R/S:U/C:L/I:N/A:N"", ""baseScore"": 4.3, ""baseSeverity"": ""MEDIUM"", ""attackVector"": ""NETWORK"", ""attackComplexity"": ""LOW"", ""privilegesRequired"": ""NONE"", ""userInteraction"": ""REQUIRED"", ""scope"": ""UNCHANGED"", ""confidentialityImpact"": ""LOW"", ""integrityImpact"": ""NONE"", ""availabilityImpact"": ""NONE""}, ""exploitabilityScore"": 2.8, ""impactScore"": 1.4}], ""cvssMetricV30"": [{""source"": ""security@atlassian.com"", ""type"": ""Secondary"", ""cvssData"": {""version"": ""3.0"", ""vectorString"": ""CVSS:3.0/AV:N/AC:H/PR:N/UI:R/S:U/C:L/I:N/A:N"", ""baseScore"": 3.1, ""baseSeverity"": ""LOW"", ""attackVector"": ""NETWORK"", ""attackComplexity"": ""HIGH"", ""privilegesRequired"": ""NONE"", ""userInteraction"": ""REQUIRED"", ""scope"": ""UNCHANGED"", ""confidentialityImpact"": ""LOW"", ""integrityImpact"": ""NONE"", ""availabilityImpact"": ""NONE""}, ""exploitabilityScore"": 1.6, ""impactScore"": 1.4}]}"
