project,2.0,3.0,3.1
gitlab,5.957142857142857,6.934166666666667,5.664226289517471
jenkins,5.007843137254902,6.104477611940299,6.302205882352942
